A:80_ALA    ,A:81_THR,0.00012
A:115_ASP   ,A:129_LEU,0.000258
C:107_LEU   ,C:110_THR,0.001533
A:12_ALA    ,A:16_ILE,0.002058
D:26_LEU    ,D:28_LEU,0.003001
A:28_ILE    ,A:33_GLY,0.003755
A:151_LEU   ,A:183_TYR,0.00405
D:38_ALA    ,D:39_ASN,0.004832
C:31_ILE    ,C:36_GLY,0.004893
C:100_ALA   ,C:143_TRP,0.005671
D:115_ASP   ,D:120_ALA,0.008441
A:47_CYS    ,A:301_LEU,0.008443
A:230_VAL   ,A:234_VAL,0.008598
A:42_PHE    ,A:47_CYS,0.009168
A:170_ASP   ,A:173_SER,0.010116
A:21_TYR    ,A:26_TYR,0.010146
A:64_SER    ,A:108_PHE,0.010159
A:29_GLU    ,A:278_LEU,0.010657
D:115_ASP   ,D:116_PRO,0.011084
A:235_VAL   ,A:239_VAL,0.012529
A:30_PHE    ,A:31_ILE,0.012737
B:36_THR    ,B:84_LYS,0.013667
A:128_ILE   ,A:129_LEU,0.014034
D:25_SER    ,D:92_SER,0.014542
C:54_SER    ,C:58_LEU,0.01694
A:68_PHE    ,A:69_LEU,0.017906
A:228_ARG   ,A:294_GLY,0.019313
A:227_LEU   ,A:231_VAL,0.019684
D:66_VAL    ,D:77_ILE,0.020739
A:22_LEU    ,A:27_GLY,0.021988
B:115_ASP   ,B:120_ALA,0.022358
D:114_ILE   ,D:115_ASP,0.022378
C:202_PHE   ,C:205_LYS,0.023338
A:192_PHE   ,A:238_SER,0.023622
B:112_LEU   ,B:113_CYS,0.024563
A:41_VAL    ,A:290_TYR,0.024622
C:33_GLY    ,C:38_PHE,0.024625
D:75_PHE    ,D:97_ASP,0.025229
B:79_ARG    ,B:87_TYR,0.025362
C:112_ILE   ,C:293_VAL,0.026626
C:116_ARG   ,C:226_PRO,0.026879
A:282_ASN   ,A:287_PRO,0.029598
C:196_LEU   ,C:237_PHE,0.029627
C:233_ALA   ,C:238_SER,0.030443
C:170_ASP   ,C:171_TYR,0.031111
C:194_ILE   ,C:197_SER,0.032091
A:131_LYS   ,A:134_PHE,0.03425
A:106_ILE   ,A:110_THR,0.034291
D:39_ASN    ,D:106_ASP,0.034407
A:104_THR   ,A:105_SER,0.034546
C:197_SER   ,C:198_VAL,0.034856
C:186_CYS   ,C:190_LEU,0.036675
A:233_ALA   ,A:238_SER,0.039632
C:282_ASN   ,C:283_SER,0.040104
B:40_TYR    ,B:59_ILE,0.040278
C:228_ARG   ,C:294_GLY,0.04078
C:61_LEU    ,C:101_ASN,0.041398
C:66_LEU    ,C:69_LEU,0.041824
C:115_ASP   ,C:130_GLN,0.042233
A:150_VAL   ,A:153_MET,0.042313
A:239_VAL   ,A:278_LEU,0.042469
D:78_SER    ,D:85_ILE,0.042639
C:244_TYR   ,C:280_PHE,0.044329
A:8_GLU     ,A:266_LYS,0.044359
C:25_PHE    ,C:278_LEU,0.044772
C:192_PHE   ,C:238_SER,0.04485
A:197_SER   ,A:198_VAL,0.045072
D:107_PRO   ,D:123_LEU,0.045834
C:28_ILE    ,C:33_GLY,0.045957
B:42_ILE    ,B:113_CYS,0.046499
B:92_SER    ,B:97_ASP,0.046827
C:204_TYR   ,C:205_LYS,0.047428
A:61_LEU    ,A:101_ASN,0.047686
C:281_LEU   ,C:284_ALA,0.047977
C:251_ARG   ,C:265_GLN,0.050349
B:122_TYR   ,B:123_LEU,0.051049
A:11_LEU    ,A:15_ASN,0.051847
D:67_TYR    ,D:72_LYS,0.052912
B:69_GLU    ,A:121_LYS,0.053158
D:107_PRO   ,D:111_ARG,0.053647
D:32_ALA    ,D:37_LEU,0.053983
D:77_ILE    ,D:88_LEU,0.054762
A:254_SER   ,A:255_ARG,0.054807
B:115_ASP   ,B:116_PRO,0.054897
A:317_LEU   ,A:318_LEU,0.055135
A:236_ILE   ,A:241_PHE,0.055705
C:44_TYR    ,C:295_ASP,0.055762
A:102_LEU   ,A:282_ASN,0.056116
B:133_THR   ,B:135_SER,0.056823
A:98_LEU    ,A:102_LEU,0.059326
C:116_ARG   ,C:294_GLY,0.059759
A:77_ARG    ,A:82_GLY,0.059935
C:7_CYS     ,C:262_GLY,0.060118
C:22_LEU    ,C:27_GLY,0.060618
A:112_ILE   ,A:293_VAL,0.060659
C:201_PHE   ,C:204_TYR,0.060949
C:29_GLU    ,C:34_MET,0.061347
A:54_SER    ,A:58_LEU,0.061701
C:91_CYS    ,C:169_VAL,0.063687
C:238_SER   ,C:242_THR,0.06386
A:107_LEU   ,A:110_THR,0.065008
C:142_VAL   ,C:146_VAL,0.067862
A:275_THR   ,A:276_ARG,0.070486
A:113_SER   ,A:202_PHE,0.071262
B:114_ILE   ,B:115_ASP,0.071383
C:178_LYS   ,C:179_TYR,0.071701
A:238_SER   ,A:243_PRO,0.071755
D:44_TRP    ,D:54_GLU,0.071985
A:57_TYR    ,A:115_ASP,0.07297
D:17_GLY    ,D:26_LEU,0.074059
A:65_ASP    ,A:282_ASN,0.074797
C:147_THR   ,C:151_LEU,0.081836
C:264_SER   ,C:268_ILE,0.08201
A:170_ASP   ,A:171_TYR,0.083461
A:99_HIS    ,A:248_ARG,0.083741
A:180_SER   ,A:255_ARG,0.08406
D:66_VAL    ,D:116_PRO,0.084255
C:25_PHE    ,C:281_LEU,0.085808
A:44_TYR    ,A:295_ASP,0.086627
D:46_ARG    ,D:74_ARG,0.087346
D:56_VAL    ,D:101_TYR,0.087567
A:116_ARG   ,A:226_PRO,0.088142
A:250_VAL   ,A:259_TRP,0.08945
A:99_HIS    ,A:146_VAL,0.090017
C:176_ASN   ,C:255_ARG,0.091189
C:233_ALA   ,C:237_PHE,0.091362
C:30_PHE    ,C:76_ILE,0.091501
A:52_ASN    ,B:119_PHE,0.0926
B:41_ALA    ,B:113_CYS,0.093679
C:189_LEU   ,C:195_PRO,0.093838
C:154_LEU   ,C:155_THR,0.094407
B:132_VAL   ,B:134_VAL,0.094749
C:122_PHE   ,C:123_PRO,0.095149
A:107_LEU   ,A:195_PRO,0.095596
C:207_VAL   ,C:208_VAL,0.095819
A:174_SER   ,A:180_SER,0.098592
D:16_GLY    ,D:130_THR,0.1018
A:132_LYS   ,A:136_ILE,0.10217
C:236_ILE   ,C:241_PHE,0.103023
C:288_ILE   ,C:291_PHE,0.103482
A:19_LYS    ,A:82_GLY,0.104365
B:137_LEU   ,B:140_LEU,0.104388
B:13_VAL    ,B:127_GLY,0.105029
C:209_PHE   ,C:210_LEU,0.105433
C:238_SER   ,C:243_PRO,0.105501
C:227_LEU   ,C:231_VAL,0.105964
A:38_PHE    ,A:43_GLY,0.106295
A:253_ALA   ,A:256_LEU,0.106566
A:186_CYS   ,A:191_GLY,0.107462
C:180_SER   ,C:255_ARG,0.107628
B:31_GLU    ,B:84_LYS,0.107891
C:148_LEU   ,C:151_LEU,0.108079
A:25_PHE    ,A:281_LEU,0.109693
C:230_VAL   ,C:234_VAL,0.111
A:100_ALA   ,A:105_SER,0.111451
C:42_PHE    ,C:45_LEU,0.112775
A:204_TYR   ,A:205_LYS,0.113331
D:41_ALA    ,D:61_SER,0.114456
C:55_ASN    ,D:118_THR,0.117673
B:67_TYR    ,B:71_VAL,0.1188
B:30_CYS    ,B:84_LYS,0.119073
C:103_TYR   ,C:150_VAL,0.121753
C:189_LEU   ,C:193_LEU,0.123397
D:56_VAL    ,D:66_VAL,0.123516
B:53_ARG    ,B:121_GLY,0.123937
C:230_VAL   ,C:231_VAL,0.124045
C:210_LEU   ,C:224_ASN,0.124148
A:233_ALA   ,A:237_PHE,0.128765
B:37_LEU    ,B:85_ILE,0.128845
A:15_ASN    ,A:18_LYS,0.129479
B:71_VAL    ,B:97_ASP,0.129874
C:99_HIS    ,C:146_VAL,0.130011
D:16_GLY    ,D:29_SER,0.132386
C:153_MET   ,C:154_LEU,0.132634
A:13_LEU    ,A:17_LEU,0.132699
C:57_TYR    ,C:115_ASP,0.133062
A:146_VAL   ,A:149_GLU,0.133288
A:244_TYR   ,A:280_PHE,0.133616
C:110_THR   ,C:114_ILE,0.13452
D:37_LEU    ,D:42_ILE,0.134719
C:170_ASP   ,C:173_SER,0.134794
D:42_ILE    ,D:57_SER,0.134864
C:91_CYS    ,C:167_SER,0.135078
A:122_PHE   ,A:123_PRO,0.13561
C:96_TYR    ,C:97_VAL,0.135662
C:253_ALA   ,C:256_LEU,0.137018
B:114_ILE   ,A:225_LYS,0.137472
A:99_HIS    ,A:171_TYR,0.137614
A:116_ARG   ,A:294_GLY,0.138267
D:45_PHE    ,D:112_LEU,0.139385
B:35_TYR    ,B:84_LYS,0.139425
C:120_MET   ,C:213_ARG,0.139982
A:103_TYR   ,A:149_GLU,0.140987
A:252_ILE   ,A:255_ARG,0.141472
A:114_ILE   ,A:198_VAL,0.142203
A:30_PHE    ,A:76_ILE,0.142374
A:71_THR    ,A:72_LEU,0.143827
B:38_ALA    ,B:79_ARG,0.144601
C:48_MET    ,C:55_ASN,0.145793
C:155_THR   ,A:231_VAL,0.146098
C:100_ALA   ,C:105_SER,0.147325
B:45_PHE    ,B:112_LEU,0.148112
C:83_ASN    ,C:166_ASP,0.148203
C:103_TYR   ,C:149_GLU,0.149567
C:10_TRP    ,C:13_LEU,0.149971
A:58_LEU    ,A:61_LEU,0.153973
C:196_LEU   ,C:200_CYS,0.153978
B:40_TYR    ,B:60_SER,0.154242
C:28_ILE    ,C:32_VAL,0.155307
C:186_CYS   ,C:191_GLY,0.155874
A:23_SER    ,A:79_TYR,0.156891
A:142_VAL   ,A:146_VAL,0.15775
A:37_ASN    ,A:40_VAL,0.158658
A:225_LYS   ,A:294_GLY,0.158754
C:182_ILE   ,C:186_CYS,0.158847
D:47_GLN    ,D:102_TYR,0.159074
A:248_ARG   ,A:249_ASN,0.159732
C:138_ILE   ,C:142_VAL,0.163157
C:231_VAL   ,C:235_VAL,0.165418
D:19_LEU    ,D:135_SER,0.168013
D:111_ARG   ,C:300_MET,0.168335
D:12_LEU    ,D:14_GLU,0.168604
A:196_LEU   ,A:199_MET,0.170072
D:91_ASN    ,D:92_SER,0.172245
C:194_ILE   ,C:198_VAL,0.1738
D:132_VAL   ,D:134_VAL,0.176408
A:99_HIS    ,A:102_LEU,0.178095
A:48_MET    ,A:55_ASN,0.180469
A:118_LEU   ,A:122_PHE,0.181832
D:22_PRO    ,D:95_PRO,0.182109
A:25_PHE    ,A:278_LEU,0.182728
B:45_PHE    ,B:56_VAL,0.184788
C:254_SER   ,C:255_ARG,0.185182
A:91_CYS    ,A:167_SER,0.187663
C:196_LEU   ,C:199_MET,0.188191
C:52_ASN    ,D:119_PHE,0.188747
A:319_GLU   ,A:323_GLN,0.190385
C:65_ASP    ,C:282_ASN,0.191385
A:77_ARG    ,A:80_ALA,0.193881
A:236_ILE   ,A:288_ILE,0.193962
C:81_THR    ,C:83_ASN,0.195341
C:236_ILE   ,C:288_ILE,0.195385
B:103_CYS   ,B:125_THR,0.196548
C:102_LEU   ,C:279_ALA,0.197924
C:99_HIS    ,C:102_LEU,0.198492
C:151_LEU   ,C:154_LEU,0.198744
C:18_LYS    ,C:22_LEU,0.199228
A:208_VAL   ,A:212_LYS,0.199627
D:53_ARG    ,D:121_GLY,0.200851
C:159_SER   ,C:173_SER,0.201136
C:254_SER   ,C:265_GLN,0.203051
D:59_ILE    ,D:86_VAL,0.203435
B:29_SER    ,B:87_TYR,0.204213
C:19_LYS    ,C:80_ALA,0.205443
A:100_ALA   ,A:150_VAL,0.206095
C:64_SER    ,C:105_SER,0.206721
A:239_VAL   ,A:240_LEU,0.20703
B:56_VAL    ,B:66_VAL,0.207219
C:55_ASN    ,D:122_TYR,0.208034
A:228_ARG   ,A:291_PHE,0.208232
C:99_HIS    ,C:248_ARG,0.209593
A:29_GLU    ,A:34_MET,0.209695
C:117_TYR   ,C:209_PHE,0.210523
B:66_VAL    ,B:116_PRO,0.212629
A:138_ILE   ,A:142_VAL,0.213101
B:42_ILE    ,B:103_CYS,0.213219
C:99_HIS    ,C:103_TYR,0.215608
B:15_SER    ,B:27_ARG,0.21594
A:115_ASP   ,A:130_GLN,0.216466
B:124_GLU   ,B:125_THR,0.216652
C:259_TRP   ,C:265_GLN,0.217305
A:316_ARG   ,A:319_GLU,0.218431
A:315_PHE   ,A:317_LEU,0.221982
C:114_ILE   ,C:198_VAL,0.224172
C:184_SER   ,C:188_THR,0.228243
C:254_SER   ,C:258_SER,0.230159
D:88_LEU    ,D:101_TYR,0.230551
A:312_LEU   ,A:313_THR,0.230774
B:88_LEU    ,B:101_TYR,0.231553
C:49_LYS    ,C:50_ASN,0.232403
A:188_THR   ,A:192_PHE,0.233072
D:40_TYR    ,D:60_SER,0.233192
A:54_SER    ,A:125_ARG,0.23416
D:42_ILE    ,D:79_ARG,0.234245
C:41_VAL    ,C:42_PHE,0.235065
C:234_VAL   ,C:238_SER,0.236411
A:154_LEU   ,A:157_ILE,0.237336
A:55_ASN    ,A:295_ASP,0.239032
D:41_ALA    ,D:60_SER,0.239251
C:43_GLY    ,C:301_LEU,0.239543
A:61_LEU    ,A:65_ASP,0.241816
A:100_ALA   ,A:143_TRP,0.241868
D:45_PHE    ,D:56_VAL,0.242028
C:90_LEU    ,C:94_ASN,0.244255
D:24_GLY    ,D:90_MET,0.245056
C:235_VAL   ,C:239_VAL,0.245776
D:64_SER    ,D:110_GLU,0.24596
C:30_PHE    ,C:31_ILE,0.247556
C:65_ASP    ,C:69_LEU,0.247995
A:148_LEU   ,A:151_LEU,0.250236
A:281_LEU   ,A:284_ALA,0.250416
D:10_VAL    ,D:12_LEU,0.251329
A:55_ASN    ,B:118_THR,0.251623
B:38_ALA    ,B:83_LYS,0.254082
A:41_VAL    ,A:66_LEU,0.254691
B:46_ARG    ,B:52_GLU,0.256469
B:104_ALA   ,B:112_LEU,0.257402
A:231_VAL   ,A:235_VAL,0.259096
B:97_ASP    ,B:134_VAL,0.25918
C:297_PHE   ,C:300_MET,0.260851
A:184_SER   ,A:188_THR,0.261689
A:78_SER    ,A:79_TYR,0.263033
A:81_THR    ,A:83_ASN,0.263369
B:138_GLU   ,B:142_GLN,0.264309
A:144_VAL   ,A:148_LEU,0.264526
C:58_LEU    ,C:61_LEU,0.264752
C:20_TYR    ,C:24_ALA,0.264753
B:58_CYS    ,A:124_PHE,0.266484
D:67_TYR    ,D:71_VAL,0.268089
C:63_ILE    ,C:143_TRP,0.270538
C:42_PHE    ,C:47_CYS,0.270746
C:47_CYS    ,C:304_LYS,0.271051
C:55_ASN    ,C:295_ASP,0.272971
C:228_ARG   ,C:291_PHE,0.273871
C:236_ILE   ,C:285_VAL,0.276214
A:194_ILE   ,A:198_VAL,0.276258
A:65_ASP    ,A:287_PRO,0.277771
D:97_ASP    ,D:132_VAL,0.278272
A:103_TYR   ,A:150_VAL,0.278289
C:140_LEU   ,A:271_LEU,0.281912
A:110_THR   ,A:114_ILE,0.281982
B:42_ILE    ,B:57_SER,0.282709
C:36_GLY    ,C:287_PRO,0.284968
A:240_LEU   ,A:241_PHE,0.285699
A:199_MET   ,A:237_PHE,0.28745
A:55_ASN    ,B:122_TYR,0.288366
C:151_LEU   ,A:235_VAL,0.289349
B:25_SER    ,B:89_GLN,0.289456
A:189_LEU   ,A:195_PRO,0.291036
A:196_LEU   ,A:237_PHE,0.291086
C:54_SER    ,C:125_ARG,0.291635
C:188_THR   ,C:192_PHE,0.292514
C:144_VAL   ,A:278_LEU,0.294505
C:158_THR   ,C:175_GLY,0.295032
B:10_VAL    ,B:37_LEU,0.295131
C:151_LEU   ,C:155_THR,0.295615
A:240_LEU   ,A:285_VAL,0.296055
A:182_ILE   ,A:186_CYS,0.296317
D:10_VAL    ,D:32_ALA,0.296344
A:181_LEU   ,A:256_LEU,0.300162
C:116_ARG   ,C:229_LEU,0.301688
A:96_TYR    ,A:143_TRP,0.304597
D:42_ILE    ,D:103_CYS,0.304751
D:21_GLN    ,D:93_LEU,0.306325
C:61_LEU    ,C:65_ASP,0.306729
C:72_LEU    ,C:76_ILE,0.309081
B:58_CYS    ,B:116_PRO,0.309687
D:12_LEU    ,D:128_GLN,0.311889
A:123_PRO   ,A:124_PHE,0.311973
A:23_SER    ,A:80_ALA,0.312549
C:33_GLY    ,C:283_SER,0.31268
A:146_VAL   ,A:150_VAL,0.314136
B:39_ASN    ,B:106_ASP,0.315434
D:56_VAL    ,D:88_LEU,0.317891
A:56_VAL    ,A:132_LYS,0.322323
B:21_GLN    ,B:93_LEU,0.325908
A:6_SER     ,A:7_CYS,0.32755
A:210_LEU   ,A:224_ASN,0.328428
B:78_SER    ,B:85_ILE,0.331432
B:42_ILE    ,B:79_ARG,0.332298
C:53_SER    ,C:57_TYR,0.33533
C:116_ARG   ,C:125_ARG,0.3362
A:313_THR   ,A:314_SER,0.336933
C:240_LEU   ,C:241_PHE,0.339428
C:248_ARG   ,C:252_ILE,0.339928
A:33_GLY    ,A:283_SER,0.340023
B:98_THR    ,B:131_GLN,0.341335
A:65_ASP    ,A:69_LEU,0.341637
B:41_ALA    ,B:108_PHE,0.341653
A:251_ARG   ,A:254_SER,0.343632
C:50_ASN    ,D:117_ASN,0.344421
C:90_LEU    ,C:93_SER,0.346191
A:92_ILE    ,A:154_LEU,0.348244
B:71_VAL    ,B:74_ARG,0.348319
B:80_ASP    ,B:82_ALA,0.349212
C:74_MET    ,C:77_ARG,0.349292
D:104_ALA   ,D:112_LEU,0.351001
C:100_ALA   ,C:150_VAL,0.352265
D:12_LEU    ,D:32_ALA,0.353589
D:17_GLY    ,D:132_VAL,0.354457
C:290_TYR   ,C:295_ASP,0.355604
C:37_ASN    ,C:40_VAL,0.355804
B:30_CYS    ,B:42_ILE,0.357331
A:246_ILE   ,A:250_VAL,0.357635
A:72_LEU    ,A:76_ILE,0.358125
C:123_PRO   ,C:124_PHE,0.359072
D:39_ASN    ,D:107_PRO,0.36083
A:189_LEU   ,A:193_LEU,0.362612
C:269_LYS   ,C:273_ILE,0.36474
C:26_TYR    ,C:79_TYR,0.364985
D:56_VAL    ,D:57_SER,0.365797
D:9_GLU     ,D:11_GLN,0.367821
C:50_ASN    ,C:55_ASN,0.369202
D:48_ALA    ,D:51_LYS,0.373197
A:28_ILE    ,A:32_VAL,0.373639
B:47_GLN    ,B:52_GLU,0.373681
C:240_LEU   ,C:285_VAL,0.376385
D:58_CYS    ,D:116_PRO,0.377771
C:146_VAL   ,C:149_GLU,0.378219
A:247_MET   ,A:250_VAL,0.381578
D:46_ARG    ,D:52_GLU,0.384984
C:227_LEU   ,C:230_VAL,0.386258
A:116_ARG   ,A:229_LEU,0.387153
C:232_LEU   ,C:288_ILE,0.389503
C:149_GLU   ,C:191_GLY,0.391206
D:25_SER    ,D:93_LEU,0.391343
A:21_TYR    ,A:22_LEU,0.392806
C:144_VAL   ,C:148_LEU,0.393573
B:32_ALA    ,B:84_LYS,0.396291
C:41_VAL    ,C:66_LEU,0.397633
A:90_LEU    ,A:94_ASN,0.398775
D:37_LEU    ,D:81_ASN,0.399595
C:72_LEU    ,C:75_LEU,0.400279
D:58_CYS    ,C:124_PHE,0.400868
A:117_TYR   ,A:118_LEU,0.40129
B:75_PHE    ,B:91_ASN,0.401528
A:29_GLU    ,A:72_LEU,0.401875
A:232_LEU   ,A:288_ILE,0.402674
C:252_ILE   ,C:255_ARG,0.403063
A:71_THR    ,A:75_LEU,0.406772
A:64_SER    ,A:105_SER,0.408573
D:92_SER    ,D:97_ASP,0.409649
C:199_MET   ,C:237_PHE,0.410703
C:225_LYS   ,C:294_GLY,0.413097
C:34_MET    ,C:66_LEU,0.413355
A:53_SER    ,A:129_LEU,0.417397
D:58_CYS    ,D:64_SER,0.417467
B:41_ALA    ,B:79_ARG,0.418134
A:116_ARG   ,A:125_ARG,0.420628
C:246_ILE   ,C:250_VAL,0.420732
B:10_VAL    ,B:12_LEU,0.422974
D:94_GLN    ,D:97_ASP,0.424628
A:237_PHE   ,A:242_THR,0.425797
C:146_VAL   ,C:150_VAL,0.429084
D:40_TYR    ,D:109_GLY,0.433756
D:85_ILE    ,D:87_TYR,0.433947
C:237_PHE   ,C:242_THR,0.434075
C:65_ASP    ,C:287_PRO,0.43463
B:22_PRO    ,B:95_PRO,0.436987
B:45_PHE    ,B:100_VAL,0.437303
C:128_ILE   ,C:129_LEU,0.439064
B:56_VAL    ,B:88_LEU,0.442309
B:74_ARG    ,B:89_GLN,0.444339
D:98_THR    ,D:131_GLN,0.445963
C:190_LEU   ,C:194_ILE,0.449013
A:243_PRO   ,A:278_LEU,0.451906
A:53_SER    ,A:57_TYR,0.452192
B:24_GLY    ,B:90_MET,0.454337
D:42_ILE    ,D:77_ILE,0.455034
B:74_ARG    ,B:94_GLN,0.455563
A:256_LEU   ,A:258_SER,0.45991
D:30_CYS    ,D:42_ILE,0.460096
D:45_PHE    ,D:100_VAL,0.462119
D:20_VAL    ,D:93_LEU,0.464818
C:107_LEU   ,C:146_VAL,0.466486
B:40_TYR    ,B:109_GLY,0.468882
A:90_LEU    ,A:93_SER,0.469321
C:106_ILE   ,C:196_LEU,0.472469
C:45_LEU    ,C:46_PHE,0.473649
B:56_VAL    ,B:57_SER,0.474279
B:102_TYR   ,B:127_GLY,0.474696
A:13_LEU    ,A:270_CYS,0.476766
A:298_ARG   ,A:299_ASP,0.476827
A:75_LEU    ,A:79_TYR,0.480807
B:17_GLY    ,B:132_VAL,0.482035
B:46_ARG    ,B:96_GLU,0.482425
C:93_SER    ,C:94_ASN,0.485303
C:21_TYR    ,C:273_ILE,0.485816
D:28_LEU    ,D:86_VAL,0.486877
A:113_SER   ,A:229_LEU,0.487371
C:109_LEU   ,C:112_ILE,0.488818
A:236_ILE   ,A:285_VAL,0.489354
D:27_ARG    ,D:29_SER,0.489634
B:123_LEU   ,B:126_TRP,0.490674
A:93_SER    ,A:94_ASN,0.490814
D:53_ARG    ,D:117_ASN,0.49133
A:83_ASN    ,A:167_SER,0.491347
B:42_ILE    ,B:112_LEU,0.491474
C:107_LEU   ,C:145_LEU,0.491729
D:41_ALA    ,D:108_PHE,0.492911
A:75_LEU    ,A:94_ASN,0.493551
C:40_VAL    ,C:287_PRO,0.493605
C:71_THR    ,C:74_MET,0.494609
C:107_LEU   ,C:111_PHE,0.496228
B:46_ARG    ,B:75_PHE,0.497198
C:290_TYR   ,C:291_PHE,0.497668
B:40_TYR    ,B:42_ILE,0.499169
B:114_ILE   ,A:116_ARG,0.500822
B:41_ALA    ,B:61_SER,0.501715
C:128_ILE   ,C:131_LYS,0.501835
A:169_VAL   ,A:173_SER,0.503852
C:56_VAL    ,C:60_ASN,0.505841
A:99_HIS    ,A:103_TYR,0.506656
A:14_GLU    ,A:18_LYS,0.508069
A:234_VAL   ,A:238_SER,0.508333
B:99_ALA    ,B:130_THR,0.510397
A:107_LEU   ,A:146_VAL,0.510662
B:45_PHE    ,B:117_ASN,0.512371
A:75_LEU    ,A:84_TRP,0.513481
C:45_LEU    ,C:59_PHE,0.517311
C:106_ILE   ,C:241_PHE,0.520165
B:23_GLY    ,B:94_GLN,0.520197
C:61_LEU    ,C:109_LEU,0.520851
A:47_CYS    ,A:304_LYS,0.522342
D:111_ARG   ,D:123_LEU,0.5224
C:229_LEU   ,C:293_VAL,0.52243
C:174_SER   ,C:180_SER,0.525455
B:79_ARG    ,B:86_VAL,0.525586
A:8_GLU     ,A:9_ASN,0.531169
C:26_TYR    ,C:75_LEU,0.532908
B:12_LEU    ,B:32_ALA,0.533516
A:95_ARG    ,A:174_SER,0.534875
D:122_TYR   ,C:300_MET,0.537033
A:264_SER   ,A:268_ILE,0.53739
A:64_SER    ,A:100_ALA,0.538945
C:115_ASP   ,C:116_ARG,0.539122
A:95_ARG    ,A:170_ASP,0.543967
A:151_LEU   ,A:154_LEU,0.54665
C:117_TYR   ,C:118_LEU,0.547196
D:43_GLY    ,D:102_TYR,0.54747
B:28_LEU    ,B:86_VAL,0.556098
A:50_ASN    ,A:55_ASN,0.556318
C:69_LEU    ,C:72_LEU,0.55789
C:22_LEU    ,C:276_ARG,0.557963
A:95_ARG    ,A:168_CYS,0.557996
D:40_TYR    ,D:42_ILE,0.558726
A:22_LEU    ,A:276_ARG,0.559054
A:65_ASP    ,A:105_SER,0.559257
D:114_ILE   ,C:116_ARG,0.559523
C:181_LEU   ,C:256_LEU,0.559565
A:118_LEU   ,A:129_LEU,0.560054
B:38_ALA    ,B:39_ASN,0.560472
B:48_ALA    ,B:51_LYS,0.562574
C:52_ASN    ,C:132_LYS,0.563173
C:75_LEU    ,C:94_ASN,0.56627
A:107_LEU   ,A:145_LEU,0.568055
C:206_MET   ,C:230_VAL,0.569697
C:137_LEU   ,A:270_CYS,0.570119
C:289_PHE   ,C:292_LEU,0.570206
D:11_GLN    ,D:31_GLU,0.570222
A:114_ILE   ,A:118_LEU,0.571006
D:28_LEU    ,D:132_VAL,0.572668
A:159_SER   ,A:174_SER,0.573887
D:114_ILE   ,C:225_LYS,0.574573
A:39_THR    ,A:301_LEU,0.576401
A:50_ASN    ,B:117_ASN,0.577762
C:83_ASN    ,C:85_THR,0.578754
D:75_PHE    ,D:101_TYR,0.580266
A:109_LEU   ,A:229_LEU,0.580808
C:288_ILE   ,C:289_PHE,0.581855
D:71_VAL    ,D:74_ARG,0.583885
A:69_LEU    ,A:72_LEU,0.584446
D:57_SER    ,D:88_LEU,0.58652
A:18_LYS    ,A:22_LEU,0.586835
B:30_CYS    ,B:37_LEU,0.587864
A:54_SER    ,A:293_VAL,0.588095
A:18_LYS    ,A:273_ILE,0.588609
A:187_LEU   ,A:192_PHE,0.589384
A:172_ALA   ,A:248_ARG,0.58957
C:40_VAL    ,C:291_PHE,0.590102
B:70_SER    ,B:71_VAL,0.590471
B:15_SER    ,B:130_THR,0.590803
A:72_LEU    ,A:75_LEU,0.591281
C:96_TYR    ,C:143_TRP,0.591406
A:56_VAL    ,A:60_ASN,0.592271
B:42_ILE    ,B:77_ILE,0.592635
B:118_THR   ,B:122_TYR,0.592718
C:54_SER    ,C:112_ILE,0.595737
C:298_ARG   ,C:299_ASP,0.597354
A:53_SER    ,A:132_LYS,0.59854
B:41_ALA    ,B:60_SER,0.599175
D:42_ILE    ,D:112_LEU,0.599236
A:11_LEU    ,A:14_GLU,0.600526
D:97_ASP    ,D:101_TYR,0.603284
B:16_GLY    ,B:27_ARG,0.604418
B:44_TRP    ,B:87_TYR,0.60554
D:74_ARG    ,D:93_LEU,0.605865
C:286_ASN   ,C:289_PHE,0.60588
D:70_SER    ,D:71_VAL,0.606126
C:65_ASP    ,C:105_SER,0.607392
A:58_LEU    ,A:112_ILE,0.60842
A:106_ILE   ,A:241_PHE,0.608543
C:187_LEU   ,C:192_PHE,0.608733
A:19_LYS    ,A:81_THR,0.60875
A:36_GLY    ,A:287_PRO,0.609703
A:47_CYS    ,A:300_MET,0.612709
A:43_GLY    ,A:48_MET,0.614948
A:41_VAL    ,A:45_LEU,0.617181
B:94_GLN    ,B:97_ASP,0.617401
C:111_PHE   ,C:114_ILE,0.620276
C:251_ARG   ,C:254_SER,0.620488
C:153_MET   ,C:187_LEU,0.620565
A:290_TYR   ,A:295_ASP,0.620656
A:40_VAL    ,A:287_PRO,0.620798
A:103_TYR   ,A:192_PHE,0.626136
A:43_GLY    ,A:301_LEU,0.62856
A:229_LEU   ,A:293_VAL,0.630293
D:104_ALA   ,D:123_LEU,0.630881
A:21_TYR    ,A:273_ILE,0.634284
A:111_PHE   ,A:114_ILE,0.63951
C:160_THR   ,C:173_SER,0.64073
B:13_VAL    ,B:33_SER,0.643254
A:31_ILE    ,A:35_LEU,0.644405
C:31_ILE    ,C:35_LEU,0.648501
C:279_ALA   ,C:280_PHE,0.648807
C:114_ILE   ,C:118_LEU,0.6508
A:86_TYR    ,A:90_LEU,0.652316
D:46_ARG    ,D:75_PHE,0.655973
A:156_PHE   ,A:176_ASN,0.657088
A:37_ASN    ,A:69_LEU,0.657091
A:207_VAL   ,A:211_LYS,0.65939
B:10_VAL    ,B:32_ALA,0.660316
C:14_GLU    ,C:273_ILE,0.66153
C:259_TRP   ,C:264_SER,0.662471
C:54_SER    ,C:293_VAL,0.664185
B:94_GLN    ,B:96_GLU,0.666224
D:54_GLU    ,D:56_VAL,0.666297
B:11_GLN    ,B:31_GLU,0.668041
C:120_MET   ,C:226_PRO,0.669108
B:21_GLN    ,B:22_PRO,0.669805
B:21_GLN    ,B:134_VAL,0.671061
A:153_MET   ,A:187_LEU,0.671323
A:115_ASP   ,A:116_ARG,0.674636
B:37_LEU    ,B:86_VAL,0.674888
A:68_PHE    ,A:71_THR,0.675083
A:225_LYS   ,A:226_PRO,0.676673
C:132_LYS   ,C:136_ILE,0.6796
A:272_TYR   ,A:275_THR,0.68155
B:45_PHE    ,B:104_ALA,0.68324
C:149_GLU   ,C:190_LEU,0.685177
B:12_LEU    ,B:37_LEU,0.685878
A:236_ILE   ,A:289_PHE,0.686198
A:26_TYR    ,A:75_LEU,0.689268
C:64_SER    ,C:100_ALA,0.692729
B:102_TYR   ,B:126_TRP,0.693101
C:172_ALA   ,C:248_ARG,0.694171
C:272_TYR   ,C:275_THR,0.697665
C:137_LEU   ,A:271_LEU,0.701903
B:111_ARG   ,B:123_LEU,0.702246
A:72_LEU    ,A:73_PRO,0.703013
D:118_THR   ,D:122_TYR,0.703428
C:37_ASN    ,C:69_LEU,0.703788
C:150_VAL   ,C:153_MET,0.704253
A:40_VAL    ,A:62_SER,0.704358
B:48_ALA    ,B:49_PRO,0.704451
B:97_ASP    ,B:132_VAL,0.70727
A:289_PHE   ,A:292_LEU,0.708097
D:54_GLU    ,D:117_ASN,0.708382
C:72_LEU    ,C:73_PRO,0.708393
C:44_TYR    ,C:59_PHE,0.708711
C:107_LEU   ,C:195_PRO,0.709287
D:54_GLU    ,D:68_SER,0.709488
C:225_LYS   ,C:226_PRO,0.710164
C:99_HIS    ,C:171_TYR,0.711469
A:102_LEU   ,A:103_TYR,0.71206
A:131_LYS   ,A:133_GLU,0.712866
D:18_GLY    ,D:26_LEU,0.71312
D:99_ALA    ,D:130_THR,0.713622
A:95_ARG    ,A:99_HIS,0.71653
C:265_GLN   ,C:266_LYS,0.717481
C:103_TYR   ,C:192_PHE,0.717753
D:90_MET    ,D:132_VAL,0.717835
C:151_LEU   ,C:152_PRO,0.718088
A:84_TRP    ,A:90_LEU,0.721129
C:236_ILE   ,C:289_PHE,0.721506
C:29_GLU    ,C:72_LEU,0.723728
D:48_ALA    ,D:49_PRO,0.724903
A:84_TRP    ,A:94_ASN,0.725836
B:84_LYS    ,B:85_ILE,0.727221
C:17_LEU    ,C:273_ILE,0.727614
A:102_LEU   ,A:279_ALA,0.727744
A:13_LEU    ,C:133_GLU,0.729781
C:239_VAL   ,C:278_LEU,0.735
B:59_ILE    ,B:86_VAL,0.73561
A:288_ILE   ,A:289_PHE,0.737555
A:10_TRP    ,C:137_LEU,0.738215
A:151_LEU   ,A:152_PRO,0.740156
A:169_VAL   ,A:174_SER,0.741795
B:28_LEU    ,B:130_THR,0.745376
D:28_LEU    ,D:130_THR,0.747218
D:102_TYR   ,D:126_TRP,0.751241
B:104_ALA   ,B:123_LEU,0.751552
D:22_PRO    ,D:94_GLN,0.753437
A:291_PHE   ,A:301_LEU,0.757052
A:241_PHE   ,A:282_ASN,0.757279
A:279_ALA   ,A:280_PHE,0.75831
C:181_LEU   ,C:185_LEU,0.758428
B:112_LEU   ,B:120_ALA,0.759959
D:119_PHE   ,C:293_VAL,0.766179
A:96_TYR    ,A:97_VAL,0.769536
B:12_LEU    ,B:128_GLN,0.770075
C:148_LEU   ,A:239_VAL,0.775996
D:66_VAL    ,C:123_PRO,0.776659
A:29_GLU    ,A:284_ALA,0.777188
C:56_VAL    ,C:139_SER,0.779001
B:13_VAL    ,B:29_SER,0.780782
D:74_ARG    ,D:89_GLN,0.781161
C:13_LEU    ,C:270_CYS,0.783594
A:18_LYS    ,A:23_SER,0.784661
B:75_PHE    ,B:97_ASP,0.784707
A:58_LEU    ,A:293_VAL,0.786533
A:126_GLU   ,A:131_LYS,0.788575
D:45_PHE    ,D:117_ASN,0.788988
D:118_THR   ,D:119_PHE,0.789838
A:199_MET   ,A:234_VAL,0.790332
B:136_SER   ,B:138_GLU,0.790389
C:92_ILE    ,C:158_THR,0.791298
A:16_ILE    ,A:21_TYR,0.791334
C:41_VAL    ,C:45_LEU,0.795349
A:259_TRP   ,A:264_SER,0.795798
C:109_LEU   ,C:229_LEU,0.799306
A:232_LEU   ,A:292_LEU,0.799955
B:37_LEU    ,B:83_LYS,0.801933
B:67_TYR    ,B:72_LYS,0.802164
D:45_PHE    ,D:104_ALA,0.80254
B:75_PHE    ,B:93_LEU,0.805157
C:38_PHE    ,C:66_LEU,0.806512
B:72_LYS    ,B:73_ASP,0.806841
B:99_ALA    ,B:101_TYR,0.809577
B:113_CYS   ,A:123_PRO,0.809834
B:11_GLN    ,B:33_SER,0.810304
C:71_THR    ,C:75_LEU,0.812186
C:178_LYS   ,C:256_LEU,0.813796
D:59_ILE    ,D:78_SER,0.814294
B:111_ARG   ,A:300_MET,0.815468
D:29_SER    ,D:87_TYR,0.816166
C:95_ARG    ,C:154_LEU,0.817757
C:150_VAL   ,C:154_LEU,0.818224
A:52_ASN    ,A:132_LYS,0.81851
C:127_HIS   ,C:130_GLN,0.819252
C:104_THR   ,C:143_TRP,0.82101
D:46_ARG    ,D:70_SER,0.823365
B:24_GLY    ,B:91_ASN,0.825072
B:119_PHE   ,A:293_VAL,0.82732
A:248_ARG   ,A:252_ILE,0.827487
D:26_LEU    ,D:88_LEU,0.828187
C:102_LEU   ,C:103_TYR,0.832537
A:34_MET    ,A:66_LEU,0.832807
A:112_ILE   ,A:116_ARG,0.834633
A:37_ASN    ,A:66_LEU,0.835047
C:58_LEU    ,C:293_VAL,0.835744
B:22_PRO    ,B:94_GLN,0.836443
C:276_ARG   ,C:277_PRO,0.841002
A:109_LEU   ,A:112_ILE,0.841202
C:256_LEU   ,C:257_ASP,0.842898
A:199_MET   ,A:233_ALA,0.843404
A:276_ARG   ,A:277_PRO,0.845885
A:56_VAL    ,A:139_SER,0.847654
C:112_ILE   ,C:116_ARG,0.849642
C:40_VAL    ,C:62_SER,0.850157
A:286_ASN   ,A:289_PHE,0.851229
D:21_GLN    ,D:22_PRO,0.851548
C:34_MET    ,C:38_PHE,0.857039
A:107_LEU   ,A:111_PHE,0.857985
A:7_CYS     ,A:262_GLY,0.862159
A:106_ILE   ,A:196_LEU,0.863774
B:58_CYS    ,B:64_SER,0.867669
B:43_GLY    ,B:102_TYR,0.868418
D:75_PHE    ,D:93_LEU,0.869903
C:61_LEU    ,C:108_PHE,0.875677
D:21_GLN    ,D:134_VAL,0.879631
A:181_LEU   ,A:253_ALA,0.882173
A:111_PHE   ,A:142_VAL,0.884954
B:95_PRO    ,B:96_GLU,0.885205
C:109_LEU   ,C:233_ALA,0.885312
B:29_SER    ,B:85_ILE,0.888032
A:242_THR   ,A:246_ILE,0.888784
C:199_MET   ,C:233_ALA,0.888869
A:206_MET   ,A:230_VAL,0.892323
A:54_SER    ,A:112_ILE,0.900959
C:131_LYS   ,C:133_GLU,0.902423
A:17_LEU    ,A:21_TYR,0.902599
A:149_GLU   ,A:191_GLY,0.903812
C:78_SER    ,C:84_TRP,0.90484
A:26_TYR    ,A:29_GLU,0.907213
C:113_SER   ,C:229_LEU,0.907267
C:242_THR   ,C:246_ILE,0.910166
A:38_PHE    ,A:42_PHE,0.910918
C:291_PHE   ,C:301_LEU,0.913555
A:79_TYR    ,A:276_ARG,0.913719
A:236_ILE   ,A:240_LEU,0.915586
D:43_GLY    ,D:58_CYS,0.919198
D:15_SER    ,D:130_THR,0.922097
C:246_ILE   ,C:247_MET,0.926387
B:54_GLU    ,B:117_ASN,0.927895
A:105_SER   ,A:286_ASN,0.938387
C:232_LEU   ,C:292_LEU,0.941805
A:157_ILE   ,A:174_SER,0.943159
D:113_CYS   ,C:123_PRO,0.943756
C:71_THR    ,C:97_VAL,0.944865
A:318_LEU   ,A:322_PHE,0.94836
D:12_LEU    ,D:104_ALA,0.951386
B:28_LEU    ,B:132_VAL,0.951469
C:95_ARG    ,C:170_ASP,0.959139
A:203_TYR   ,A:230_VAL,0.960766
D:123_LEU   ,D:126_TRP,0.962987
B:41_ALA    ,B:104_ALA,0.964471
D:99_ALA    ,D:101_TYR,0.964867
D:12_LEU    ,D:125_THR,0.96707
B:74_ARG    ,B:90_MET,0.970545
D:48_ALA    ,D:98_THR,0.972784
D:20_VAL    ,D:25_SER,0.973534
A:40_VAL    ,A:291_PHE,0.976963
C:34_MET    ,C:70_CYS,0.9785
D:94_GLN    ,D:95_PRO,0.983885
D:112_LEU   ,D:123_LEU,0.984079
B:46_ARG    ,B:70_SER,0.990406
A:240_LEU   ,A:281_LEU,0.993222
A:246_ILE   ,A:247_MET,0.995021
C:119_LEU   ,C:130_GLN,0.995768
C:102_LEU   ,C:280_PHE,0.996458
A:71_THR    ,A:97_VAL,0.996552
D:74_ARG    ,D:90_MET,0.997067
C:74_MET    ,C:90_LEU,0.997228
A:194_ILE   ,A:195_PRO,0.998031
C:194_ILE   ,C:195_PRO,0.998649
D:80_ASP    ,D:87_TYR,1.003452
C:242_THR   ,C:243_PRO,1.003612
D:42_ILE    ,D:105_ALA,1.007989
B:47_GLN    ,B:102_TYR,1.010611
B:57_SER    ,B:88_LEU,1.011881
D:80_ASP    ,D:82_ALA,1.011924
D:76_THR    ,D:87_TYR,1.014391
A:290_TYR   ,A:291_PHE,1.022
A:48_MET    ,A:300_MET,1.026572
B:66_VAL    ,A:123_PRO,1.026774
B:18_GLY    ,B:26_LEU,1.027095
C:68_PHE    ,C:71_THR,1.028318
C:51_TRP    ,C:56_VAL,1.028362
B:75_PHE    ,B:101_TYR,1.031709
C:157_ILE   ,C:175_GLY,1.0327
B:118_THR   ,B:119_PHE,1.033709
B:48_ALA    ,B:98_THR,1.036112
B:25_SER    ,B:93_LEU,1.040337
A:17_LEU    ,C:137_LEU,1.042816
C:106_ILE   ,C:191_GLY,1.043217
D:112_LEU   ,D:120_ALA,1.043536
C:236_ILE   ,C:240_LEU,1.044042
C:243_PRO   ,C:278_LEU,1.04411
C:170_ASP   ,C:172_ALA,1.04871
C:156_PHE   ,A:228_ARG,1.048954
B:39_ASN    ,B:109_GLY,1.049267
A:170_ASP   ,A:172_ALA,1.051481
A:242_THR   ,A:243_PRO,1.05335
C:10_TRP    ,C:270_CYS,1.056341
B:19_LEU    ,B:135_SER,1.056359
B:20_VAL    ,B:93_LEU,1.059399
A:12_ALA    ,C:128_ILE,1.060009
B:43_GLY    ,B:58_CYS,1.06671
C:210_LEU   ,C:227_LEU,1.066716
B:47_GLN    ,B:53_ARG,1.070396
C:201_PHE   ,C:202_PHE,1.070969
A:76_ILE    ,A:77_ARG,1.071897
C:53_SER    ,C:132_LYS,1.077291
C:74_MET    ,C:84_TRP,1.078968
B:77_ILE    ,B:86_VAL,1.079118
A:110_THR   ,A:198_VAL,1.085267
C:21_TYR    ,C:22_LEU,1.085577
D:17_GLY    ,D:28_LEU,1.087921
A:188_THR   ,A:248_ARG,1.088
C:198_VAL   ,C:202_PHE,1.091192
A:109_LEU   ,A:233_ALA,1.091701
B:76_THR    ,B:87_TYR,1.09226
A:106_ILE   ,A:199_MET,1.092885
C:176_ASN   ,C:177_PRO,1.098831
A:198_VAL   ,A:202_PHE,1.100768
C:17_LEU    ,C:274_LEU,1.102948
C:10_TRP    ,C:266_LYS,1.103348
A:26_TYR    ,A:276_ARG,1.104606
B:44_TRP    ,B:55_GLY,1.105668
B:77_ILE    ,B:88_LEU,1.109012
A:77_ARG    ,A:86_TYR,1.113062
C:18_LYS    ,C:23_SER,1.113125
D:26_LEU    ,D:132_VAL,1.113621
D:44_TRP    ,D:77_ILE,1.114392
B:100_VAL   ,B:129_GLY,1.114818
C:73_PRO    ,C:77_ARG,1.115014
B:26_LEU    ,B:88_LEU,1.115249
A:17_LEU    ,A:274_LEU,1.115713
D:100_VAL   ,D:129_GLY,1.119717
B:59_ILE    ,B:78_SER,1.119913
B:14_GLU    ,B:101_TYR,1.11999
C:19_LYS    ,C:79_TYR,1.124045
D:41_ALA    ,D:104_ALA,1.12671
B:42_ILE    ,B:105_ALA,1.127901
C:106_ILE   ,C:199_MET,1.128045
B:88_LEU    ,B:90_MET,1.12835
D:24_GLY    ,D:91_ASN,1.12848
C:273_ILE   ,C:276_ARG,1.129143
B:44_TRP    ,B:101_TYR,1.129383
A:68_PHE    ,A:97_VAL,1.130352
A:196_LEU   ,A:234_VAL,1.130904
C:48_MET    ,C:300_MET,1.134255
B:26_LEU    ,B:132_VAL,1.136322
B:10_VAL    ,B:125_THR,1.138476
C:127_HIS   ,C:128_ILE,1.139659
A:13_LEU    ,C:137_LEU,1.141136
A:34_MET    ,A:70_CYS,1.141307
D:118_THR   ,C:125_ARG,1.142263
A:244_TYR   ,A:276_ARG,1.143299
C:176_ASN   ,C:178_LYS,1.144261
B:82_ALA    ,B:84_LYS,1.144834
A:149_GLU   ,A:190_LEU,1.145446
A:187_LEU   ,A:248_ARG,1.147153
A:207_VAL   ,A:227_LEU,1.147611
A:92_ILE    ,A:157_ILE,1.150772
C:56_VAL    ,C:132_LYS,1.154484
C:153_MET   ,C:158_THR,1.155252
C:244_TYR   ,C:276_ARG,1.156313
A:281_LEU   ,A:285_VAL,1.156624
D:12_LEU    ,D:105_ALA,1.156662
D:46_ARG    ,D:71_VAL,1.163916
C:111_PHE   ,C:142_VAL,1.18286
D:43_GLY    ,D:112_LEU,1.185335
A:10_TRP    ,C:136_ILE,1.185503
B:59_ILE    ,B:65_THR,1.185972
A:106_ILE   ,A:195_PRO,1.188561
C:128_ILE   ,C:134_PHE,1.190866
A:240_LEU   ,A:282_ASN,1.193813
A:176_ASN   ,A:178_LYS,1.196199
A:52_ASN    ,A:54_SER,1.20173
A:32_VAL    ,A:284_ALA,1.20241
D:13_VAL    ,D:29_SER,1.203303
D:59_ILE    ,D:65_THR,1.207608
D:60_SER    ,D:113_CYS,1.210347
C:293_VAL   ,C:295_ASP,1.217054
B:12_LEU    ,B:30_CYS,1.217788
C:32_VAL    ,C:284_ALA,1.21908
C:155_THR   ,A:235_VAL,1.220365
B:43_GLY    ,B:112_LEU,1.22051
A:247_MET   ,A:271_LEU,1.221549
C:157_ILE   ,C:171_TYR,1.235773
C:120_MET   ,C:210_LEU,1.237478
C:16_ILE    ,C:21_TYR,1.241295
D:44_TRP    ,D:86_VAL,1.242405
A:50_ASN    ,B:122_TYR,1.246556
C:107_LEU   ,C:142_VAL,1.248145
A:22_LEU    ,A:277_PRO,1.249397
B:90_MET    ,B:132_VAL,1.249416
C:172_ALA   ,C:251_ARG,1.251417
C:110_THR   ,C:198_VAL,1.255373
A:241_PHE   ,A:279_ALA,1.258076
C:41_VAL    ,C:62_SER,1.260276
C:95_ARG    ,C:99_HIS,1.261381
D:114_ILE   ,C:294_GLY,1.263635
A:109_LEU   ,A:237_PHE,1.265814
C:105_SER   ,C:286_ASN,1.267016
D:44_TRP    ,D:55_GLY,1.267921
A:106_ILE   ,A:191_GLY,1.269966
C:106_ILE   ,C:195_PRO,1.272564
A:61_LEU    ,A:109_LEU,1.274636
A:17_LEU    ,A:273_ILE,1.275676
C:22_LEU    ,C:277_PRO,1.281021
C:37_ASN    ,C:66_LEU,1.281344
C:241_PHE   ,C:282_ASN,1.283074
C:181_LEU   ,C:253_ALA,1.283146
B:97_ASP    ,B:101_TYR,1.283875
A:91_CYS    ,A:95_ARG,1.288358
A:107_LEU   ,A:142_VAL,1.288647
B:53_ARG    ,B:117_ASN,1.303787
B:60_SER    ,B:113_CYS,1.304243
B:13_VAL    ,B:30_CYS,1.306564
A:29_GLU    ,A:69_LEU,1.30666
B:31_GLU    ,B:85_ILE,1.307231
D:102_TYR   ,D:127_GLY,1.307779
C:19_LYS    ,C:20_TYR,1.308544
C:52_ASN    ,C:54_SER,1.309797
D:114_ILE   ,D:119_PHE,1.311732
C:113_SER   ,C:199_MET,1.316292
A:41_VAL    ,A:62_SER,1.319
C:184_SER   ,C:252_ILE,1.328684
A:100_ALA   ,A:146_VAL,1.330911
C:84_TRP    ,C:90_LEU,1.332024
A:203_TYR   ,A:227_LEU,1.338012
C:151_LEU   ,A:239_VAL,1.338447
D:26_LEU    ,D:93_LEU,1.338906
B:136_SER   ,B:139_VAL,1.340966
A:192_PHE   ,A:237_PHE,1.341775
C:29_GLU    ,C:284_ALA,1.342338
D:48_ALA    ,D:99_ALA,1.342952
B:44_TRP    ,B:86_VAL,1.347798
C:124_PHE   ,C:126_GLU,1.348906
A:51_TRP    ,A:56_VAL,1.350341
C:247_MET   ,C:250_VAL,1.352179
D:30_CYS    ,D:83_LYS,1.355769
A:259_TRP   ,A:268_ILE,1.357168
A:120_MET   ,A:226_PRO,1.358391
A:206_MET   ,A:227_LEU,1.359286
B:56_VAL    ,B:75_PHE,1.359738
C:50_ASN    ,D:122_TYR,1.360222
D:13_VAL    ,D:30_CYS,1.36385
B:114_ILE   ,B:119_PHE,1.365883
A:192_PHE   ,A:196_LEU,1.369612
B:46_ARG    ,B:99_ALA,1.370307
A:96_TYR    ,A:150_VAL,1.372221
A:210_LEU   ,A:227_LEU,1.373119
A:158_THR   ,A:175_GLY,1.374036
C:281_LEU   ,C:285_VAL,1.377738
B:32_ALA    ,B:37_LEU,1.378918
B:55_GLY    ,B:68_SER,1.380767
C:13_LEU    ,C:17_LEU,1.391394
A:321_LEU   ,A:322_PHE,1.39549
D:41_ALA    ,D:112_LEU,1.395492
B:118_THR   ,A:125_ARG,1.398615
C:192_PHE   ,C:196_LEU,1.401618
A:48_MET    ,A:295_ASP,1.404485
C:69_LEU    ,C:283_SER,1.40472
C:157_ILE   ,C:180_SER,1.407674
A:34_MET    ,A:69_LEU,1.412644
C:58_LEU    ,C:112_ILE,1.413368
C:39_THR    ,C:301_LEU,1.419283
A:192_PHE   ,A:193_LEU,1.425547
A:102_LEU   ,A:280_PHE,1.426466
C:29_GLU    ,C:69_LEU,1.428055
A:99_HIS    ,A:150_VAL,1.431722
B:41_ALA    ,B:112_LEU,1.432185
B:106_ASP   ,B:108_PHE,1.432416
C:48_MET    ,C:295_ASP,1.434235
D:54_GLU    ,D:70_SER,1.436365
C:48_MET    ,D:122_TYR,1.437637
D:12_LEU    ,D:30_CYS,1.438529
D:75_PHE    ,D:91_ASN,1.44497
C:203_TYR   ,C:207_VAL,1.447144
C:207_VAL   ,C:227_LEU,1.450448
B:25_SER    ,B:91_ASN,1.451156
A:14_GLU    ,A:273_ILE,1.458162
A:247_MET   ,A:275_THR,1.458936
A:119_LEU   ,A:130_GLN,1.461138
C:99_HIS    ,C:244_TYR,1.463063
D:56_VAL    ,D:75_PHE,1.463525
B:54_GLU    ,B:70_SER,1.466617
A:184_SER   ,A:252_ILE,1.466885
A:56_VAL    ,A:136_ILE,1.467012
A:276_ARG   ,A:280_PHE,1.469503
A:105_SER   ,A:237_PHE,1.469667
A:99_HIS    ,A:244_TYR,1.471318
A:156_PHE   ,A:171_TYR,1.473691
B:70_SER    ,A:126_GLU,1.475724
B:112_LEU   ,B:123_LEU,1.480564
D:16_GLY    ,D:27_ARG,1.482979
A:16_ILE    ,C:128_ILE,1.485878
C:48_MET    ,C:297_PHE,1.487096
B:18_GLY    ,B:132_VAL,1.49586
A:57_TYR    ,A:139_SER,1.497931
A:199_MET   ,A:230_VAL,1.498085
C:192_PHE   ,C:237_PHE,1.502714
C:199_MET   ,C:234_VAL,1.50708
B:12_LEU    ,B:105_ALA,1.511494
C:240_LEU   ,C:282_ASN,1.513355
A:101_ASN   ,A:282_ASN,1.514716
B:36_THR    ,B:38_ALA,1.515976
A:67_ALA    ,A:97_VAL,1.51715
C:26_TYR    ,C:29_GLU,1.519777
B:17_GLY    ,B:28_LEU,1.520081
C:157_ILE   ,C:183_TYR,1.521631
D:75_PHE    ,D:88_LEU,1.522064
A:85_THR    ,A:86_TYR,1.52667
C:37_ASN    ,C:283_SER,1.527725
C:26_TYR    ,C:276_ARG,1.528542
C:132_LYS   ,C:133_GLU,1.528694
D:12_LEU    ,D:127_GLY,1.530578
D:46_ARG    ,D:99_ALA,1.531299
D:93_LEU    ,D:97_ASP,1.532256
C:48_MET    ,C:51_TRP,1.536425
B:114_ILE   ,A:294_GLY,1.540092
C:42_PHE    ,C:46_PHE,1.543541
C:43_GLY    ,C:48_MET,1.544739
C:99_HIS    ,C:150_VAL,1.54549
A:45_LEU    ,A:59_PHE,1.546385
B:102_TYR   ,B:128_GLN,1.549268
B:103_CYS   ,B:127_GLY,1.551012
B:16_GLY    ,B:28_LEU,1.551418
C:84_TRP    ,C:94_ASN,1.551728
A:37_ASN    ,A:283_SER,1.551732
D:29_SER    ,D:86_VAL,1.558
C:251_ARG   ,C:268_ILE,1.558841
C:95_ARG    ,C:158_THR,1.562342
A:46_PHE    ,A:308_TYR,1.562737
A:295_ASP   ,A:300_MET,1.567039
D:56_VAL    ,D:67_TYR,1.567435
D:15_SER    ,D:29_SER,1.572879
C:241_PHE   ,C:279_ALA,1.578322
C:27_GLY    ,C:76_ILE,1.578799
A:196_LEU   ,A:238_SER,1.578947
A:172_ALA   ,A:251_ARG,1.580539
A:95_ARG    ,A:171_TYR,1.582347
C:203_TYR   ,C:227_LEU,1.58308
A:176_ASN   ,A:177_PRO,1.583744
A:9_ASN     ,C:128_ILE,1.584413
A:260_PRO   ,A:265_GLN,1.585601
C:101_ASN   ,C:282_ASN,1.587878
A:112_ILE   ,A:229_LEU,1.588159
C:181_LEU   ,C:249_ASN,1.590547
C:247_MET   ,C:275_THR,1.595302
C:203_TYR   ,C:231_VAL,1.601729
A:273_ILE   ,A:276_ARG,1.602816
D:16_GLY    ,D:26_LEU,1.607222
C:109_LEU   ,C:199_MET,1.609496
B:65_THR    ,B:77_ILE,1.61059
A:120_MET   ,A:210_LEU,1.613721
B:53_ARG    ,B:120_ALA,1.628613
A:83_ASN    ,A:85_THR,1.630201
D:25_SER    ,D:89_GLN,1.635637
D:53_ARG    ,D:120_ALA,1.636769
C:240_LEU   ,C:281_LEU,1.639354
C:68_PHE    ,C:72_LEU,1.640822
C:104_THR   ,C:108_PHE,1.642203
C:96_TYR    ,C:100_ALA,1.645734
C:192_PHE   ,C:193_LEU,1.64944
C:106_ILE   ,C:192_PHE,1.651066
C:34_MET    ,C:69_LEU,1.651488
A:113_SER   ,A:199_MET,1.652584
D:22_PRO    ,D:134_VAL,1.653187
D:61_SER    ,D:79_ARG,1.658549
A:44_TYR    ,A:59_PHE,1.664664
A:96_TYR    ,A:100_ALA,1.667019
C:43_GLY    ,C:297_PHE,1.668887
A:6_SER     ,A:263_CYS,1.669573
A:101_ASN   ,A:105_SER,1.6709
A:102_LEU   ,A:244_TYR,1.672553
A:200_CYS   ,A:234_VAL,1.672636
A:104_THR   ,A:143_TRP,1.672807
D:21_GLN    ,D:135_SER,1.675651
A:245_HIS   ,A:248_ARG,1.684458
C:49_LYS    ,D:121_GLY,1.684487
D:103_CYS   ,D:127_GLY,1.686976
B:12_LEU    ,B:104_ALA,1.690159
A:59_PHE    ,A:63_ILE,1.694269
B:90_MET    ,B:101_TYR,1.694888
A:149_GLU   ,A:187_LEU,1.69574
A:178_LYS   ,A:256_LEU,1.696859
C:56_VAL    ,C:136_ILE,1.697943
C:137_LEU   ,A:274_LEU,1.698767
B:69_GLU    ,B:72_LYS,1.706811
D:88_LEU    ,D:90_MET,1.709804
D:40_TYR    ,D:105_ALA,1.710899
A:109_LEU   ,A:199_MET,1.714341
B:48_ALA    ,B:99_ALA,1.720276
D:70_SER    ,C:126_GLU,1.728466
D:106_ASP   ,D:107_PRO,1.729328
B:80_ASP    ,B:84_LYS,1.729954
C:86_TYR    ,C:90_LEU,1.73347
A:48_MET    ,B:122_TYR,1.735296
A:315_PHE   ,A:318_LEU,1.737656
B:44_TRP    ,B:77_ILE,1.74067
C:181_LEU   ,C:252_ILE,1.744433
A:181_LEU   ,A:185_LEU,1.749059
B:74_ARG    ,B:93_LEU,1.749204
B:29_SER    ,B:86_VAL,1.749544
A:48_MET    ,A:297_PHE,1.750994
B:26_LEU    ,B:93_LEU,1.757723
C:199_MET   ,C:230_VAL,1.757743
C:169_VAL   ,C:174_SER,1.758107
C:23_SER    ,C:76_ILE,1.759814
A:254_SER   ,A:268_ILE,1.762703
C:7_CYS     ,C:266_LYS,1.765402
B:21_GLN    ,B:135_SER,1.767599
B:105_ALA   ,B:123_LEU,1.768031
C:298_ARG   ,C:302_PHE,1.770702
B:43_GLY    ,B:57_SER,1.771395
A:171_TYR   ,A:252_ILE,1.773083
B:14_GLU    ,B:130_THR,1.787962
B:46_ARG    ,B:71_VAL,1.788152
D:18_GLY    ,D:132_VAL,1.789385
B:14_GLU    ,B:44_TRP,1.790531
D:68_SER    ,D:70_SER,1.795482
B:17_GLY    ,B:26_LEU,1.799469
B:56_VAL    ,B:67_TYR,1.801293
B:45_PHE    ,B:120_ALA,1.8039
B:12_LEU    ,B:125_THR,1.806806
D:14_GLU    ,D:130_THR,1.809031
C:245_HIS   ,C:248_ARG,1.81459
A:26_TYR    ,A:72_LEU,1.814743
D:90_MET    ,D:101_TYR,1.815418
A:251_ARG   ,A:268_ILE,1.816565
C:188_THR   ,C:248_ARG,1.817276
C:187_LEU   ,C:248_ARG,1.818241
C:117_TYR   ,C:120_MET,1.818676
A:44_TYR    ,A:58_LEU,1.830751
C:56_VAL    ,C:135_ALA,1.833923
D:14_GLU    ,D:44_TRP,1.834874
A:124_PHE   ,A:126_GLU,1.837118
D:28_LEU    ,D:101_TYR,1.839878
C:101_ASN   ,C:105_SER,1.842215
D:131_GLN   ,D:133_THR,1.846503
B:28_LEU    ,B:101_TYR,1.849394
B:122_TYR   ,A:295_ASP,1.851796
C:57_TYR    ,C:139_SER,1.85194
C:100_ALA   ,C:146_VAL,1.858649
A:101_ASN   ,A:283_SER,1.859176
C:30_PHE    ,C:34_MET,1.86133
A:26_TYR    ,A:79_TYR,1.861389
B:79_ARG    ,B:83_LYS,1.866863
D:47_GLN    ,D:52_GLU,1.876006
D:79_ARG    ,D:86_VAL,1.878277
B:106_ASP   ,B:107_PRO,1.879365
D:45_PHE    ,D:120_ALA,1.888027
C:171_TYR   ,C:252_ILE,1.888274
B:20_VAL    ,B:25_SER,1.890607
B:100_VAL   ,B:131_GLN,1.891669
B:12_LEU    ,B:126_TRP,1.892247
C:254_SER   ,C:268_ILE,1.893159
A:293_VAL   ,A:295_ASP,1.894057
B:60_SER    ,B:64_SER,1.894067
D:55_GLY    ,D:68_SER,1.895613
D:10_VAL    ,D:40_TYR,1.895644
B:20_VAL    ,B:26_LEU,1.897017
B:79_ARG    ,B:85_ILE,1.89721
C:95_ARG    ,C:157_ILE,1.905366
A:106_ILE   ,A:192_PHE,1.906445
A:34_MET    ,A:38_PHE,1.909604
D:68_SER    ,D:71_VAL,1.915208
C:102_LEU   ,C:244_TYR,1.917525
A:27_GLY    ,A:76_ILE,1.917735
A:30_PHE    ,A:72_LEU,1.920266
C:17_LEU    ,C:21_TYR,1.9209
D:106_ASP   ,D:108_PHE,1.922461
C:166_ASP   ,C:167_SER,1.924575
C:196_LEU   ,C:234_VAL,1.924806
A:48_MET    ,A:51_TRP,1.928116
D:101_TYR   ,D:129_GLY,1.930769
D:44_TRP    ,D:101_TYR,1.933064
C:41_VAL    ,C:59_PHE,1.935622
B:68_SER    ,B:70_SER,1.938588
A:295_ASP   ,A:297_PHE,1.942525
B:137_LEU   ,B:141_PHE,1.946527
A:176_ASN   ,A:179_TYR,1.948798
D:39_ASN    ,D:109_GLY,1.949087
B:140_LEU   ,B:141_PHE,1.950634
C:109_LEU   ,C:237_PHE,1.954587
C:295_ASP   ,C:297_PHE,1.957963
C:172_ALA   ,C:272_TYR,1.960412
A:22_LEU    ,A:273_ILE,1.961931
C:276_ARG   ,C:280_PHE,1.966992
C:156_PHE   ,A:231_VAL,1.972659
D:23_GLY    ,D:94_GLN,1.97277
A:104_THR   ,A:108_PHE,1.973576
D:115_ASP   ,C:123_PRO,1.977837
B:22_PRO    ,B:134_VAL,1.982835
B:85_ILE    ,B:87_TYR,2.001253
A:259_TRP   ,A:265_GLN,2.00502
D:90_MET    ,D:93_LEU,2.005795
D:43_GLY    ,D:57_SER,2.014035
D:104_ALA   ,D:125_THR,2.014911
B:18_GLY    ,B:131_GLN,2.0177
C:44_TYR    ,C:58_LEU,2.020478
A:203_TYR   ,A:231_VAL,2.021064
B:115_ASP   ,A:123_PRO,2.023118
A:181_LEU   ,A:252_ILE,2.023556
A:172_ALA   ,A:272_TYR,2.02379
D:65_THR    ,D:77_ILE,2.026112
C:229_LEU   ,C:292_LEU,2.026372
A:190_LEU   ,A:195_PRO,2.026577
D:102_TYR   ,D:128_GLN,2.032722
B:22_PRO    ,B:135_SER,2.036112
C:104_THR   ,C:142_VAL,2.036809
A:33_GLY    ,A:284_ALA,2.03982
C:79_TYR    ,C:276_ARG,2.042593
B:94_GLN    ,B:95_PRO,2.043976
A:171_TYR   ,A:248_ARG,2.046173
A:43_GLY    ,A:297_PHE,2.046327
A:13_LEU    ,C:128_ILE,2.047626
B:11_GLN    ,B:32_ALA,2.048346
A:298_ARG   ,A:302_PHE,2.049483
B:68_SER    ,B:71_VAL,2.049619
D:103_CYS   ,D:126_TRP,2.050077
B:37_LEU    ,B:84_LYS,2.050792
C:33_GLY    ,C:284_ALA,2.05093
A:116_ARG   ,A:206_MET,2.053824
C:59_PHE    ,C:63_ILE,2.058753
B:75_PHE    ,B:88_LEU,2.059425
C:177_PRO   ,C:256_LEU,2.060553
C:96_TYR    ,C:150_VAL,2.066826
C:112_ILE   ,C:229_LEU,2.067716
C:53_SER    ,C:130_GLN,2.072429
C:53_SER    ,C:125_ARG,2.077242
B:24_GLY    ,B:92_SER,2.100532
A:68_PHE    ,A:72_LEU,2.102175
B:17_GLY    ,B:131_GLN,2.104931
C:113_SER   ,C:230_VAL,2.10726
D:40_TYR    ,D:61_SER,2.118172
C:84_TRP    ,C:167_SER,2.118668
B:36_THR    ,B:83_LYS,2.126289
D:38_ALA    ,D:79_ARG,2.126407
A:286_ASN   ,A:287_PRO,2.129208
C:244_TYR   ,C:279_ALA,2.138675
D:22_PRO    ,D:93_LEU,2.143577
B:61_SER    ,B:79_ARG,2.148472
A:60_ASN    ,A:143_TRP,2.153812
A:244_TYR   ,A:279_ALA,2.155629
A:116_ARG   ,A:119_LEU,2.156869
C:190_LEU   ,C:195_PRO,2.169358
B:74_ARG    ,B:75_PHE,2.172013
D:79_ARG    ,D:85_ILE,2.174255
D:65_THR    ,D:67_TYR,2.177302
C:126_GLU   ,C:131_LYS,2.180893
D:46_ARG    ,D:100_VAL,2.18435
C:38_PHE    ,C:42_PHE,2.184886
C:116_ARG   ,C:119_LEU,2.18598
A:132_LYS   ,A:133_GLU,2.186045
A:26_TYR    ,A:76_ILE,2.186589
D:30_CYS    ,D:44_TRP,2.199781
D:93_LEU    ,D:134_VAL,2.200429
C:251_ARG   ,C:269_LYS,2.200766
A:104_THR   ,A:142_VAL,2.201155
C:200_CYS   ,C:234_VAL,2.201813
A:14_GLU    ,A:270_CYS,2.20224
D:20_VAL    ,D:26_LEU,2.203874
D:46_ARG    ,D:53_ARG,2.203919
A:50_ASN    ,B:121_GLY,2.205487
A:250_VAL   ,A:268_ILE,2.210383
C:64_SER    ,C:104_THR,2.212
A:64_SER    ,A:104_THR,2.214284
D:41_ALA    ,D:105_ALA,2.215394
D:111_ARG   ,C:296_HIS,2.225411
A:241_PHE   ,A:245_HIS,2.225458
D:12_LEU    ,D:103_CYS,2.228245
B:119_PHE   ,A:294_GLY,2.230521
B:12_LEU    ,B:103_CYS,2.231946
C:108_PHE   ,C:143_TRP,2.239
C:30_PHE    ,C:72_LEU,2.244504
B:58_CYS    ,B:112_LEU,2.246425
B:27_ARG    ,B:88_LEU,2.251592
B:58_CYS    ,B:65_THR,2.252399
D:14_GLU    ,D:128_GLN,2.257712
A:61_LEU    ,A:108_PHE,2.260724
B:93_LEU    ,B:97_ASP,2.261545
C:286_ASN   ,C:287_PRO,2.264364
D:60_SER    ,D:109_GLY,2.265201
B:101_TYR   ,B:129_GLY,2.265602
D:57_SER    ,C:124_PHE,2.265774
C:17_LEU    ,C:270_CYS,2.266045
A:232_LEU   ,A:236_ILE,2.266818
C:68_PHE    ,C:283_SER,2.268831
D:56_VAL    ,D:71_VAL,2.273976
D:17_GLY    ,D:131_GLN,2.275931
B:57_SER    ,A:124_PHE,2.277268
C:149_GLU   ,C:187_LEU,2.287034
B:131_GLN   ,B:133_THR,2.288746
B:53_ARG    ,B:126_TRP,2.288932
C:26_TYR    ,C:72_LEU,2.290999
B:39_ASN    ,B:107_PRO,2.293477
D:111_ARG   ,D:122_TYR,2.296864
C:52_ASN    ,D:115_ASP,2.297118
A:303_SER   ,A:306_ARG,2.297537
D:62_GLY    ,D:110_GLU,2.297675
D:24_GLY    ,D:92_SER,2.297865
A:69_LEU    ,A:283_SER,2.301218
B:41_ALA    ,B:105_ALA,2.303637
D:111_ARG   ,C:294_GLY,2.306623
C:175_GLY   ,C:255_ARG,2.306726
D:14_GLU    ,D:101_TYR,2.321955
B:28_LEU    ,B:44_TRP,2.326339
A:51_TRP    ,A:55_ASN,2.329972
B:46_ARG    ,B:53_ARG,2.339217
A:53_SER    ,A:135_ALA,2.343828
D:30_CYS    ,D:85_ILE,2.345181
C:14_GLU    ,C:270_CYS,2.345568
A:56_VAL    ,A:135_ALA,2.34713
D:23_GLY    ,D:92_SER,2.34825
D:12_LEU    ,D:31_GLU,2.348531
C:10_TRP    ,C:263_CYS,2.351342
C:105_SER   ,C:237_PHE,2.352716
C:251_ARG   ,C:272_TYR,2.353425
D:122_TYR   ,C:295_ASP,2.356907
A:21_TYR    ,A:277_PRO,2.359907
D:12_LEU    ,D:126_TRP,2.360296
D:28_LEU    ,D:90_MET,2.362629
C:291_PHE   ,C:297_PHE,2.364077
B:12_LEU    ,B:31_GLU,2.364423
B:28_LEU    ,B:90_MET,2.366741
D:58_CYS    ,D:65_THR,2.370957
C:171_TYR   ,C:248_ARG,2.372709
A:95_ARG    ,A:157_ILE,2.376386
D:16_GLY    ,D:28_LEU,2.376878
C:53_SER    ,C:135_ALA,2.377774
A:58_LEU    ,A:289_PHE,2.379906
B:114_ILE   ,A:123_PRO,2.394623
C:180_SER   ,C:252_ILE,2.397391
C:53_SER    ,C:131_LYS,2.399194
D:47_GLN    ,D:53_ARG,2.399986
A:237_PHE   ,A:282_ASN,2.402521
D:31_GLU    ,D:83_LYS,2.40322
B:104_ALA   ,B:125_THR,2.404167
B:98_THR    ,B:133_THR,2.408653
D:39_ASN    ,D:61_SER,2.410667
C:155_THR   ,C:156_PHE,2.414505
C:297_PHE   ,C:301_LEU,2.415008
D:58_CYS    ,D:112_LEU,2.416779
A:108_PHE   ,A:143_TRP,2.418758
A:232_LEU   ,A:289_PHE,2.424479
C:156_PHE   ,A:232_LEU,2.428913
A:52_ASN    ,B:115_ASP,2.428965
C:84_TRP    ,C:166_ASP,2.429622
C:196_LEU   ,C:238_SER,2.435106
C:241_PHE   ,C:245_HIS,2.438449
B:111_ARG   ,B:122_TYR,2.447697
B:45_PHE    ,B:55_GLY,2.450497
A:8_GLU     ,D:51_LYS,2.451929
A:127_HIS   ,A:130_GLN,2.453801
D:72_LYS    ,D:73_ASP,2.454462
C:150_VAL   ,C:183_TYR,2.455549
D:41_ALA    ,D:59_ILE,2.457561
A:30_PHE    ,A:34_MET,2.473832
A:291_PHE   ,A:298_ARG,2.474855
C:101_ASN   ,C:283_SER,2.476232
B:22_PRO    ,B:93_LEU,2.482418
A:10_TRP    ,A:263_CYS,2.488114
C:296_HIS   ,C:299_ASP,2.489303
D:10_VAL    ,D:125_THR,2.49174
D:60_SER    ,D:64_SER,2.50251
C:232_LEU   ,C:289_PHE,2.502684
C:40_VAL    ,C:297_PHE,2.504743
D:18_GLY    ,D:131_GLN,2.511893
C:183_TYR   ,C:187_LEU,2.513996
A:206_MET   ,A:226_PRO,2.516016
A:251_ARG   ,A:272_TYR,2.520894
B:23_GLY    ,B:92_SER,2.522388
C:22_LEU    ,C:273_ILE,2.527755
C:22_LEU    ,C:79_TYR,2.533556
C:250_VAL   ,C:268_ILE,2.539227
A:57_TYR    ,A:138_ILE,2.545363
C:173_SER   ,C:251_ARG,2.547288
A:53_SER    ,A:131_LYS,2.554035
A:203_TYR   ,A:207_VAL,2.554106
D:59_ILE    ,D:77_ILE,2.55501
D:101_TYR   ,D:132_VAL,2.556315
A:41_VAL    ,A:59_PHE,2.556789
C:26_TYR    ,C:76_ILE,2.560606
A:74_MET    ,A:94_ASN,2.562306
A:108_PHE   ,A:139_SER,2.573185
D:45_PHE    ,D:116_PRO,2.58
D:58_CYS    ,D:77_ILE,2.580154
A:251_ARG   ,A:255_ARG,2.583155
B:80_ASP    ,B:87_TYR,2.583416
B:111_ARG   ,A:296_HIS,2.585233
C:58_LEU    ,C:289_PHE,2.588081
B:37_LEU    ,B:42_ILE,2.596656
C:103_TYR   ,C:146_VAL,2.598649
D:38_ALA    ,D:61_SER,2.600596
A:53_SER    ,A:125_ARG,2.600791
A:33_GLY    ,A:69_LEU,2.60306
B:90_MET    ,B:93_LEU,2.6077
C:232_LEU   ,C:236_ILE,2.608053
D:14_GLU    ,D:29_SER,2.608164
A:13_LEU    ,C:134_PHE,2.610204
A:103_TYR   ,A:248_ARG,2.611516
A:17_LEU    ,A:270_CYS,2.620479
C:177_PRO   ,C:252_ILE,2.622174
B:93_LEU    ,B:134_VAL,2.624628
A:53_SER    ,A:130_GLN,2.627726
C:188_THR   ,C:249_ASN,2.631223
D:11_GLN    ,D:32_ALA,2.633839
D:76_THR    ,D:88_LEU,2.636925
D:100_VAL   ,D:131_GLN,2.6377
B:66_VAL    ,B:113_CYS,2.643928
A:103_TYR   ,A:146_VAL,2.649639
A:181_LEU   ,A:249_ASN,2.650145
A:125_ARG   ,A:131_LYS,2.652411
A:177_PRO   ,A:252_ILE,2.654461
D:20_VAL    ,D:135_SER,2.660667
D:28_LEU    ,D:87_TYR,2.661529
B:38_ALA    ,B:61_SER,2.665947
A:57_TYR    ,A:108_PHE,2.670064
B:46_ARG    ,B:100_VAL,2.673615
B:16_GLY    ,B:130_THR,2.683497
B:60_SER    ,B:109_GLY,2.685342
B:89_GLN    ,B:91_ASN,2.692432
C:37_ASN    ,C:287_PRO,2.695902
D:105_ALA   ,D:123_LEU,2.698047
D:45_PHE    ,D:101_TYR,2.69897
A:10_TRP    ,A:266_LYS,2.701193
C:204_TYR   ,C:208_VAL,2.702029
B:45_PHE    ,B:54_GLU,2.703005
C:21_TYR    ,C:277_PRO,2.703476
D:37_LEU    ,D:79_ARG,2.709735
C:251_ARG   ,C:255_ARG,2.711249
B:62_GLY    ,B:110_GLU,2.712484
C:108_PHE   ,C:142_VAL,2.713057
B:22_PRO    ,B:136_SER,2.714952
A:229_LEU   ,A:289_PHE,2.722608
C:203_TYR   ,C:230_VAL,2.725479
A:297_PHE   ,A:301_LEU,2.730149
D:116_PRO   ,C:123_PRO,2.733568
D:45_PHE    ,D:55_GLY,2.735153
C:104_THR   ,C:146_VAL,2.735536
B:45_PHE    ,B:101_TYR,2.748975
A:10_TRP    ,A:270_CYS,2.749769
D:98_THR    ,D:133_THR,2.752808
A:113_SER   ,A:230_VAL,2.752881
A:68_PHE    ,A:283_SER,2.755364
B:116_PRO   ,A:123_PRO,2.756994
A:291_PHE   ,A:297_PHE,2.759443
C:157_ILE   ,C:174_SER,2.766825
D:77_ILE    ,D:87_TYR,2.77114
C:51_TRP    ,C:55_ASN,2.772464
A:74_MET    ,A:90_LEU,2.774183
B:29_SER    ,B:44_TRP,2.774667
D:66_VAL    ,C:124_PHE,2.778588
B:111_ARG   ,A:294_GLY,2.781408
B:12_LEU    ,B:127_GLY,2.78832
B:102_TYR   ,B:129_GLY,2.78902
A:119_LEU   ,A:125_ARG,2.793074
C:169_VAL   ,C:173_SER,2.80424
A:61_LEU    ,A:105_SER,2.805542
D:28_LEU    ,D:44_TRP,2.808409
C:50_ASN    ,D:121_GLY,2.818233
C:237_PHE   ,C:282_ASN,2.823307
D:119_PHE   ,C:294_GLY,2.825645
A:244_TYR   ,A:272_TYR,2.827616
C:118_LEU   ,C:130_GLN,2.831739
A:38_PHE    ,A:66_LEU,2.833053
D:29_SER    ,D:44_TRP,2.838514
A:229_LEU   ,A:292_LEU,2.842087
C:61_LEU    ,C:105_SER,2.858065
A:188_THR   ,A:249_ASN,2.858561
B:40_TYR    ,B:79_ARG,2.859584
C:95_ARG    ,C:169_VAL,2.863491
B:119_PHE   ,A:295_ASP,2.867798
D:14_GLU    ,D:102_TYR,2.876202
B:41_ALA    ,B:59_ILE,2.88093
C:85_THR    ,C:86_TYR,2.88405
A:172_ALA   ,A:252_ILE,2.887112
A:204_TYR   ,A:208_VAL,2.887956
A:173_SER   ,A:251_ARG,2.899919
D:112_LEU   ,D:119_PHE,2.901687
B:58_CYS    ,B:77_ILE,2.905521
D:27_ARG    ,D:88_LEU,2.917559
C:295_ASP   ,C:300_MET,2.92716
D:114_ILE   ,C:123_PRO,2.927269
C:206_MET   ,C:227_LEU,2.929434
A:183_TYR   ,A:187_LEU,2.932221
B:45_PHE    ,B:116_PRO,2.932554
A:156_PHE   ,A:175_GLY,2.943205
A:121_LYS   ,A:122_PHE,2.944184
B:56_VAL    ,B:71_VAL,2.974623
C:60_ASN    ,C:143_TRP,2.981714
B:30_CYS    ,B:44_TRP,2.987336
C:111_PHE   ,C:138_ILE,2.990171
C:176_ASN   ,C:179_TYR,2.990499
A:68_PHE    ,A:280_PHE,2.995259
C:117_TYR   ,C:206_MET,2.996043
A:108_PHE   ,A:142_VAL,2.999456
C:159_SER   ,C:175_GLY,3.00753
D:119_PHE   ,C:295_ASP,3.008539
C:145_LEU   ,C:149_GLU,3.009501
C:68_PHE    ,C:280_PHE,3.014553
C:68_PHE    ,C:101_ASN,3.016158
A:180_SER   ,A:252_ILE,3.024151
B:45_PHE    ,B:53_ARG,3.025807
D:38_ALA    ,D:81_ASN,3.027182
D:66_VAL    ,D:113_CYS,3.030685
A:59_PHE    ,A:290_TYR,3.049697
B:120_ALA   ,B:126_TRP,3.050035
B:39_ASN    ,B:61_SER,3.053874
D:42_ILE    ,D:58_CYS,3.064211
B:59_ILE    ,B:113_CYS,3.068517
D:46_ARG    ,D:56_VAL,3.069781
B:40_TYR    ,B:105_ALA,3.070617
D:59_ILE    ,D:64_SER,3.074483
D:102_TYR   ,D:129_GLY,3.079492
B:25_SER    ,B:90_MET,3.080041
B:37_LEU    ,B:79_ARG,3.08334
B:100_VAL   ,B:130_THR,3.086895
A:201_PHE   ,A:205_LYS,3.087266
D:45_PHE    ,D:54_GLU,3.092419
D:22_PRO    ,D:135_SER,3.096286
A:37_ASN    ,A:287_PRO,3.097666
C:121_LYS   ,C:209_PHE,3.09911
C:247_MET   ,C:271_LEU,3.103476
D:42_ILE    ,D:86_VAL,3.104079
B:28_LEU    ,B:87_TYR,3.104122
B:14_GLU    ,B:29_SER,3.109266
B:23_GLY    ,B:93_LEU,3.112483
A:175_GLY   ,A:255_ARG,3.12019
D:59_ILE    ,D:113_CYS,3.122966
C:240_LEU   ,C:279_ALA,3.123474
A:44_TYR    ,A:51_TRP,3.137865
A:98_LEU    ,A:99_HIS,3.140101
B:76_THR    ,B:88_LEU,3.140196
A:19_LYS    ,A:79_TYR,3.142932
A:174_SER   ,A:255_ARG,3.146441
C:33_GLY    ,C:69_LEU,3.147624
A:240_LEU   ,A:279_ALA,3.148021
B:43_GLY    ,B:103_CYS,3.153037
B:66_VAL    ,A:124_PHE,3.156486
A:128_ILE   ,A:134_PHE,3.158351
A:98_LEU    ,A:280_PHE,3.159622
A:64_SER    ,A:143_TRP,3.160413
A:150_VAL   ,A:183_TYR,3.165229
C:192_PHE   ,C:242_THR,3.166762
A:155_THR   ,A:156_PHE,3.168408
C:92_ILE    ,C:154_LEU,3.176031
C:14_GLU    ,C:18_LYS,3.178006
A:104_THR   ,A:146_VAL,3.182141
D:69_GLU    ,C:122_PHE,3.184037
A:30_PHE    ,A:73_PRO,3.184199
B:112_LEU   ,B:119_PHE,3.185541
D:75_PHE    ,D:89_GLN,3.19103
B:42_ILE    ,B:104_ALA,3.195751
D:43_GLY    ,D:103_CYS,3.197701
A:74_MET    ,A:84_TRP,3.199916
A:156_PHE   ,A:183_TYR,3.206287
B:115_ASP   ,A:119_LEU,3.20948
D:108_PHE   ,C:299_ASP,3.210825
C:98_LEU    ,C:280_PHE,3.216223
C:25_PHE    ,C:29_GLU,3.219898
D:74_ARG    ,D:92_SER,3.223717
D:17_GLY    ,D:130_THR,3.236312
C:121_LYS   ,C:122_PHE,3.242326
A:22_LEU    ,A:26_TYR,3.245661
D:40_TYR    ,D:79_ARG,3.25366
D:60_SER    ,D:79_ARG,3.259525
C:127_HIS   ,C:129_LEU,3.259804
B:69_GLU    ,A:122_PHE,3.264755
A:117_TYR   ,A:202_PHE,3.265179
D:78_SER    ,D:86_VAL,3.27057
C:119_LEU   ,C:125_ARG,3.292319
D:55_GLY    ,D:117_ASN,3.292942
C:64_SER    ,C:143_TRP,3.296186
C:54_SER    ,C:116_ARG,3.29951
A:111_PHE   ,A:138_ILE,3.311436
D:74_ARG    ,D:75_PHE,3.323635
A:134_PHE   ,A:138_ILE,3.331007
C:103_TYR   ,C:248_ARG,3.335485
C:117_TYR   ,C:202_PHE,3.34926
A:188_THR   ,A:193_LEU,3.35311
D:32_ALA    ,D:83_LYS,3.355294
A:54_SER    ,A:116_ARG,3.357074
C:57_TYR    ,C:108_PHE,3.357463
C:59_PHE    ,C:290_TYR,3.357891
A:17_LEU    ,A:22_LEU,3.36138
A:44_TYR    ,A:48_MET,3.362909
C:21_TYR    ,C:25_PHE,3.372941
C:62_SER    ,C:290_TYR,3.381987
C:125_ARG   ,C:131_LYS,3.388627
B:103_CYS   ,B:126_TRP,3.389199
C:30_PHE    ,C:73_PRO,3.390034
C:22_LEU    ,C:26_TYR,3.394246
D:24_GLY    ,D:93_LEU,3.39608
B:15_SER    ,B:28_LEU,3.399015
D:18_GLY    ,D:133_THR,3.402108
A:78_SER    ,A:84_TRP,3.405652
C:206_MET   ,C:226_PRO,3.406472
A:110_THR   ,A:199_MET,3.407986
A:171_TYR   ,A:184_SER,3.416875
A:110_THR   ,A:195_PRO,3.419678
B:14_GLU    ,B:102_TYR,3.420044
A:233_ALA   ,A:289_PHE,3.421527
A:156_PHE   ,A:179_TYR,3.425787
B:55_GLY    ,B:117_ASN,3.426844
A:282_ASN   ,A:286_ASN,3.43023
A:68_PHE    ,A:98_LEU,3.438647
C:244_TYR   ,C:245_HIS,3.444054
B:10_VAL    ,B:40_TYR,3.444077
A:40_VAL    ,A:297_PHE,3.445168
D:42_ILE    ,D:104_ALA,3.447569
A:37_ASN    ,A:62_SER,3.447893
C:30_PHE    ,C:69_LEU,3.458991
B:65_THR    ,B:67_TYR,3.461961
B:46_ARG    ,B:56_VAL,3.467401
D:80_ASP    ,D:85_ILE,3.476095
A:26_TYR    ,A:277_PRO,3.476138
B:26_LEU    ,B:89_GLN,3.487696
B:59_ILE    ,B:64_SER,3.491202
D:45_PHE    ,D:53_ARG,3.498161
C:57_TYR    ,C:138_ILE,3.500304
B:61_SER    ,B:110_GLU,3.50099
C:282_ASN   ,C:286_ASN,3.509486
C:67_ALA    ,C:97_VAL,3.518795
C:149_GLU   ,C:183_TYR,3.520013
B:20_VAL    ,B:135_SER,3.521114
D:41_ALA    ,D:109_GLY,3.52271
C:291_PHE   ,C:298_ARG,3.523833
B:41_ALA    ,B:109_GLY,3.528991
A:228_ARG   ,A:292_LEU,3.533677
B:59_ILE    ,B:79_ARG,3.542306
A:30_PHE    ,A:69_LEU,3.542935
B:101_TYR   ,B:132_VAL,3.545926
C:74_MET    ,C:94_ASN,3.547108
C:110_THR   ,C:195_PRO,3.553481
C:44_TYR    ,C:297_PHE,3.557718
C:233_ALA   ,C:289_PHE,3.561122
A:145_LEU   ,A:149_GLU,3.566904
A:23_SER    ,A:76_ILE,3.567213
C:9_ASN     ,C:10_TRP,3.569044
B:98_THR    ,B:132_VAL,3.592533
B:122_TYR   ,A:300_MET,3.599764
C:188_THR   ,C:245_HIS,3.604748
C:68_PHE    ,C:97_VAL,3.613536
D:115_ASP   ,C:119_LEU,3.622511
B:77_ILE    ,B:87_TYR,3.629775
A:254_SER   ,A:265_GLN,3.631037
D:89_GLN    ,D:91_ASN,3.631889
A:29_GLU    ,A:280_PHE,3.645689
D:23_GLY    ,D:93_LEU,3.662332
A:42_PHE    ,A:46_PHE,3.662625
A:149_GLU   ,A:183_TYR,3.663197
A:51_TRP    ,A:132_LYS,3.666485
C:57_TYR    ,C:112_ILE,3.6691
B:30_CYS    ,B:85_ILE,3.673689
D:25_SER    ,D:90_MET,3.675704
C:84_TRP    ,C:91_CYS,3.686439
A:84_TRP    ,A:91_CYS,3.688411
C:172_ALA   ,C:252_ILE,3.693929
C:159_SER   ,C:174_SER,3.702491
C:290_TYR   ,C:297_PHE,3.709612
D:116_PRO   ,C:124_PHE,3.722016
C:229_LEU   ,C:289_PHE,3.727105
D:114_ILE   ,C:119_LEU,3.729181
C:171_TYR   ,C:184_SER,3.730982
B:44_TRP    ,B:103_CYS,3.741903
B:99_ALA    ,B:131_GLN,3.748253
B:57_SER    ,B:66_VAL,3.76444
A:25_PHE    ,A:29_GLU,3.779058
B:44_TRP    ,B:56_VAL,3.788014
A:192_PHE   ,A:242_THR,3.792198
B:67_TYR    ,B:75_PHE,3.811705
B:57_SER    ,B:67_TYR,3.815273
B:75_PHE    ,B:89_GLN,3.818462
A:68_PHE    ,A:101_ASN,3.827982
C:95_ARG    ,C:174_SER,3.829769
B:116_PRO   ,A:124_PHE,3.830064
C:134_PHE   ,C:138_ILE,3.832993
C:120_MET   ,C:206_MET,3.838447
D:26_LEU    ,D:89_GLN,3.838624
B:45_PHE    ,B:126_TRP,3.845957
D:115_ASP   ,D:119_PHE,3.848972
A:44_TYR    ,A:297_PHE,3.850402
B:108_PHE   ,A:299_ASP,3.859567
C:26_TYR    ,C:280_PHE,3.860202
D:106_ASP   ,D:123_LEU,3.863929
A:57_TYR    ,A:112_ILE,3.868116
D:56_VAL    ,C:124_PHE,3.869972
A:121_LYS   ,A:209_PHE,3.871207
C:98_LEU    ,C:99_HIS,3.875419
C:68_PHE    ,C:98_LEU,3.883078
B:42_ILE    ,B:86_VAL,3.902618
C:51_TRP    ,C:132_LYS,3.909463
A:171_TYR   ,A:183_TYR,3.918883
B:114_ILE   ,A:119_LEU,3.922791
A:105_SER   ,A:282_ASN,3.925791
C:44_TYR    ,C:48_MET,3.92782
C:105_SER   ,C:282_ASN,3.929986
B:78_SER    ,B:86_VAL,3.930014
B:59_ILE    ,B:77_ILE,3.933234
B:104_ALA   ,B:126_TRP,3.935771
C:96_TYR    ,C:154_LEU,3.941216
D:100_VAL   ,D:102_TYR,3.952636
A:103_TYR   ,A:245_HIS,3.957535
A:152_PRO   ,A:183_TYR,3.963129
C:95_ARG    ,C:153_MET,3.97227
A:60_ASN    ,A:139_SER,3.977758
A:243_PRO   ,A:275_THR,3.97909
C:158_THR   ,C:174_SER,3.979881
C:117_TYR   ,C:205_LYS,3.982272
C:108_PHE   ,C:139_SER,3.991041
B:56_VAL    ,A:124_PHE,3.992051
A:296_HIS   ,A:299_ASP,3.993704
D:59_ILE    ,D:79_ARG,4.018266
D:79_ARG    ,D:81_ASN,4.018831
C:188_THR   ,C:193_LEU,4.019835
C:244_TYR   ,C:248_ARG,4.020767
C:228_ARG   ,C:292_LEU,4.03021
B:42_ILE    ,B:58_CYS,4.033194
D:40_TYR    ,D:107_PRO,4.041773
C:110_THR   ,C:199_MET,4.054066
C:26_TYR    ,C:277_PRO,4.060864
C:60_ASN    ,C:139_SER,4.069657
D:120_ALA   ,D:126_TRP,4.076591
A:84_TRP    ,A:167_SER,4.101467
D:57_SER    ,D:66_VAL,4.10306
D:20_VAL    ,D:134_VAL,4.11088
D:44_TRP    ,D:88_LEU,4.117332
A:62_SER    ,A:290_TYR,4.118767
D:47_GLN    ,D:99_ALA,4.129177
C:14_GLU    ,C:269_LYS,4.145552
D:14_GLU    ,D:129_GLY,4.146911
C:57_TYR    ,C:111_PHE,4.173694
D:27_ARG    ,D:87_TYR,4.178039
D:57_SER    ,D:67_TYR,4.187653
C:53_SER    ,C:115_ASP,4.197664
B:95_PRO    ,B:134_VAL,4.201326
D:98_THR    ,D:134_VAL,4.210598
D:100_VAL   ,D:130_THR,4.21622
B:60_SER    ,B:79_ARG,4.219655
D:20_VAL    ,D:133_THR,4.221115
B:19_LEU    ,B:133_THR,4.228283
D:44_TRP    ,D:56_VAL,4.228847
C:103_TYR   ,C:245_HIS,4.230943
A:177_PRO   ,A:256_LEU,4.231309
D:60_SER    ,D:110_GLU,4.236581
D:27_ARG    ,D:89_GLN,4.238099
B:57_SER    ,B:77_ILE,4.25074
D:30_CYS    ,D:103_CYS,4.255335
A:251_ARG   ,A:269_LYS,4.262417
B:115_ASP   ,B:119_PHE,4.281122
B:106_ASP   ,B:123_LEU,4.288324
C:243_PRO   ,C:275_THR,4.300916
B:30_CYS    ,B:103_CYS,4.30548
D:19_LEU    ,D:133_THR,4.313355
D:105_ALA   ,D:125_THR,4.323297
A:188_THR   ,A:245_HIS,4.334183
C:173_SER   ,C:255_ARG,4.34121
C:29_GLU    ,C:277_PRO,4.364175
C:171_TYR   ,C:183_TYR,4.373099
A:19_LYS    ,A:80_ALA,4.373178
A:118_LEU   ,A:130_GLN,4.376128
A:21_TYR    ,A:25_PHE,4.381847
A:7_CYS     ,A:266_LYS,4.383581
D:69_GLU    ,D:72_LYS,4.390781
A:117_TYR   ,A:206_MET,4.401268
D:111_ARG   ,D:119_PHE,4.402058
C:192_PHE   ,C:241_PHE,4.403826
D:95_PRO    ,D:134_VAL,4.406723
A:26_TYR    ,A:280_PHE,4.406962
B:74_ARG    ,B:92_SER,4.408989
C:114_ILE   ,C:202_PHE,4.417121
B:60_SER    ,B:110_GLU,4.418459
A:244_TYR   ,A:248_ARG,4.424471
B:24_GLY    ,B:93_LEU,4.430291
D:98_THR    ,D:132_VAL,4.430996
C:153_MET   ,C:171_TYR,4.434266
A:114_ILE   ,A:202_PHE,4.452646
C:77_ARG    ,C:86_TYR,4.462622
B:98_THR    ,B:134_VAL,4.463295
B:67_TYR    ,B:76_THR,4.473061
C:103_TYR   ,C:191_GLY,4.47479
B:47_GLN    ,B:99_ALA,4.487563
C:29_GLU    ,C:280_PHE,4.488797
A:53_SER    ,A:115_ASP,4.490306
C:185_LEU   ,C:249_ASN,4.493689
A:120_MET   ,A:206_MET,4.501976
A:177_PRO   ,A:255_ARG,4.507118
D:67_TYR    ,D:75_PHE,4.507221
D:45_PHE    ,D:126_TRP,4.511563
B:100_VAL   ,B:102_TYR,4.515617
D:57_SER    ,D:77_ILE,4.526159
A:117_TYR   ,A:205_LYS,4.534355
A:109_LEU   ,A:289_PHE,4.538159
A:96_TYR    ,A:147_THR,4.542563
C:244_TYR   ,C:272_TYR,4.545931
C:54_SER    ,C:115_ASP,4.551769
B:111_ARG   ,B:119_PHE,4.560127
C:201_PHE   ,C:205_LYS,4.565058
C:172_ALA   ,C:255_ARG,4.565521
A:201_PHE   ,A:202_PHE,4.574072
D:99_ALA    ,D:131_GLN,4.584737
D:117_ASN   ,C:124_PHE,4.586987
B:18_GLY    ,B:133_THR,4.59308
C:52_ASN    ,C:125_ARG,4.593644
D:14_GLU    ,D:103_CYS,4.60917
D:61_SER    ,D:110_GLU,4.6396
C:237_PHE   ,C:241_PHE,4.642921
D:55_GLY    ,C:124_PHE,4.6446
B:108_PHE   ,B:111_ARG,4.644627
B:119_PHE   ,B:122_TYR,4.659832
C:17_LEU    ,C:22_LEU,4.667027
D:53_ARG    ,D:126_TRP,4.67658
B:20_VAL    ,B:133_THR,4.676706
B:46_ARG    ,B:97_ASP,4.677627
C:192_PHE   ,C:245_HIS,4.683299
A:22_LEU    ,A:79_TYR,4.693557
D:44_TRP    ,D:102_TYR,4.69392
B:27_ARG    ,B:89_GLN,4.708563
B:111_ARG   ,A:295_ASP,4.725313
C:152_PRO   ,C:183_TYR,4.725617
A:290_TYR   ,A:297_PHE,4.725848
A:54_SER    ,A:115_ASP,4.732303
C:225_LYS   ,C:228_ARG,4.747252
D:46_ARG    ,D:97_ASP,4.750596
A:172_ALA   ,A:255_ARG,4.756818
C:52_ASN    ,D:118_THR,4.759091
C:37_ASN    ,C:62_SER,4.77535
A:253_ALA   ,A:259_TRP,4.779748
A:57_TYR    ,A:135_ALA,4.795932
B:67_TYR    ,A:124_PHE,4.796248
A:185_LEU   ,A:249_ASN,4.813954
B:13_VAL    ,B:128_GLN,4.822381
C:95_ARG    ,C:171_TYR,4.825829
C:78_SER    ,C:83_ASN,4.835416
A:103_TYR   ,A:191_GLY,4.849525
C:122_PHE   ,C:130_GLN,4.855679
B:55_GLY    ,A:124_PHE,4.861992
B:68_SER    ,A:124_PHE,4.872681
B:20_VAL    ,B:134_VAL,4.878614
D:25_SER    ,D:91_ASN,4.888371
A:170_ASP   ,A:276_ARG,4.890148
D:119_PHE   ,D:122_TYR,4.891148
B:56_VAL    ,B:68_SER,4.892798
A:244_TYR   ,A:245_HIS,4.912353
A:237_PHE   ,A:241_PHE,4.921816
A:37_ASN    ,A:65_ASP,4.926139
D:104_ALA   ,D:126_TRP,4.93932
C:170_ASP   ,C:276_ARG,4.969876
D:44_TRP    ,D:103_CYS,4.972424
A:99_HIS    ,A:153_MET,4.97402
D:56_VAL    ,D:68_SER,5.001603
A:52_ASN    ,B:118_THR,5.008284
D:47_GLN    ,D:100_VAL,5.014774
C:152_PRO   ,C:157_ILE,5.019148
B:117_ASN   ,A:124_PHE,5.031219
B:40_TYR    ,B:107_PRO,5.065856
A:247_MET   ,A:272_TYR,5.081514
B:40_TYR    ,B:61_SER,5.085732
A:19_LYS    ,A:20_TYR,5.09032
C:272_TYR   ,C:276_ARG,5.109577
A:259_TRP   ,A:260_PRO,5.115033
D:106_ASP   ,D:112_LEU,5.131277
C:50_ASN    ,D:118_THR,5.138283
C:71_THR    ,C:94_ASN,5.177945
C:153_MET   ,C:183_TYR,5.182105
A:240_LEU   ,A:278_LEU,5.188681
D:111_ARG   ,C:295_ASP,5.217436
A:61_LEU    ,A:286_ASN,5.232269
A:153_MET   ,A:183_TYR,5.235428
D:14_GLU    ,D:127_GLY,5.257449
C:96_TYR    ,C:147_THR,5.262145
D:94_GLN    ,D:134_VAL,5.304971
C:65_ASP    ,C:101_ASN,5.30781
C:44_TYR    ,C:51_TRP,5.314558
C:174_SER   ,C:255_ARG,5.33785
B:61_SER    ,B:109_GLY,5.344761
D:67_TYR    ,D:76_THR,5.365667
A:29_GLU    ,A:277_PRO,5.37328
A:50_ASN    ,B:118_THR,5.37913
C:103_TYR   ,C:187_LEU,5.411357
A:65_ASP    ,A:101_ASN,5.427323
C:177_PRO   ,C:255_ARG,5.427786
A:18_LYS    ,A:79_TYR,5.42931
D:40_TYR    ,D:106_ASP,5.444274
B:68_SER    ,A:126_GLU,5.46787
C:184_SER   ,C:249_ASN,5.469239
D:68_SER    ,C:126_GLU,5.482788
B:99_ALA    ,B:132_VAL,5.495831
D:67_TYR    ,C:124_PHE,5.498478
C:120_MET   ,C:209_PHE,5.504716
A:120_MET   ,A:209_PHE,5.515718
D:43_GLY    ,D:104_ALA,5.518917
A:103_TYR   ,A:187_LEU,5.532551
B:43_GLY    ,B:104_ALA,5.537659
A:189_LEU   ,A:194_ILE,5.601512
D:30_CYS    ,D:86_VAL,5.606629
D:115_ASP   ,D:118_THR,5.609386
B:105_ALA   ,B:125_THR,5.61948
A:11_LEU    ,A:266_LYS,5.657367
A:95_ARG    ,A:169_VAL,5.669495
C:244_TYR   ,C:275_THR,5.681289
A:244_TYR   ,A:275_THR,5.6822
A:170_ASP   ,A:272_TYR,5.702806
C:7_CYS     ,C:263_CYS,5.708948
A:78_SER    ,A:83_ASN,5.714362
B:106_ASP   ,B:112_LEU,5.729305
A:153_MET   ,A:171_TYR,5.757471
D:44_TRP    ,D:57_SER,5.768174
A:84_TRP    ,A:86_TYR,5.772367
A:192_PHE   ,A:245_HIS,5.804778
B:14_GLU    ,B:129_GLY,5.806051
B:44_TRP    ,B:102_TYR,5.820235
B:44_TRP    ,B:88_LEU,5.825443
A:171_TYR   ,A:180_SER,5.854033
C:52_ASN    ,C:55_ASN,5.865113
A:122_PHE   ,A:130_GLN,5.876389
B:14_GLU    ,B:103_CYS,5.878486
B:94_GLN    ,B:134_VAL,5.886373
A:9_ASN     ,C:133_GLU,5.918484
A:129_LEU   ,A:134_PHE,5.922999
A:102_LEU   ,A:241_PHE,5.938352
C:37_ASN    ,C:65_ASP,5.94196
C:61_LEU    ,C:286_ASN,5.951318
A:52_ASN    ,A:55_ASN,5.953198
D:76_THR    ,D:89_GLN,5.982848
C:51_TRP    ,C:59_PHE,5.987601
C:102_LEU   ,C:241_PHE,5.98901
C:247_MET   ,C:272_TYR,6.001547
B:47_GLN    ,B:100_VAL,6.002076
A:57_TYR    ,A:111_PHE,6.013387
A:84_TRP    ,A:168_CYS,6.023003
A:71_THR    ,A:94_ASN,6.034679
B:27_ARG    ,B:87_TYR,6.03641
B:67_TYR    ,B:77_ILE,6.043465
B:13_VAL    ,B:31_GLU,6.046709
A:29_GLU    ,A:281_LEU,6.067501
C:10_TRP    ,C:267_ALA,6.071783
C:116_ARG   ,C:293_VAL,6.078016
C:170_ASP   ,C:272_TYR,6.093768
A:60_ASN    ,A:108_PHE,6.105929
A:9_ASN     ,C:131_LYS,6.113506
B:28_LEU    ,B:88_LEU,6.133944
D:61_SER    ,D:109_GLY,6.156031
C:171_TYR   ,C:180_SER,6.194832
A:51_TRP    ,A:59_PHE,6.197357
A:272_TYR   ,A:276_ARG,6.226851
C:189_LEU   ,C:194_ILE,6.242799
A:106_ILE   ,A:237_PHE,6.251132
C:18_LYS    ,C:79_TYR,6.26907
B:74_ARG    ,B:97_ASP,6.276167
B:115_ASP   ,B:118_THR,6.27776
A:156_PHE   ,A:174_SER,6.300736
C:209_PHE   ,C:213_ARG,6.302659
B:40_TYR    ,B:106_ASP,6.310364
B:76_THR    ,B:89_GLN,6.325183
A:25_PHE    ,A:277_PRO,6.325382
A:225_LYS   ,A:228_ARG,6.329592
C:240_LEU   ,C:278_LEU,6.336766
A:91_CYS    ,A:168_CYS,6.349766
A:184_SER   ,A:249_ASN,6.364635
C:84_TRP    ,C:168_CYS,6.411202
A:115_ASP   ,A:125_ARG,6.466143
D:68_SER    ,C:124_PHE,6.474373
A:248_ARG   ,A:272_TYR,6.489301
C:29_GLU    ,C:281_LEU,6.501118
C:25_PHE    ,C:277_PRO,6.502126
D:99_ALA    ,D:132_VAL,6.525043
A:192_PHE   ,A:241_PHE,6.555322
A:184_SER   ,A:248_ARG,6.558898
D:13_VAL    ,D:31_GLU,6.589324
D:108_PHE   ,D:111_ARG,6.590869
C:248_ARG   ,C:272_TYR,6.590883
C:91_CYS    ,C:168_CYS,6.597244
D:28_LEU    ,D:88_LEU,6.670925
A:65_ASP    ,A:283_SER,6.716074
D:41_ALA    ,D:106_ASP,6.750382
A:156_PHE   ,A:180_SER,6.775692
B:58_CYS    ,B:66_VAL,6.832288
C:115_ASP   ,C:125_ARG,6.842749
D:67_TYR    ,D:77_ILE,6.843658
C:109_LEU   ,C:289_PHE,6.844414
C:60_ASN    ,C:108_PHE,6.855796
B:41_ALA    ,B:106_ASP,6.863261
B:44_TRP    ,B:57_SER,6.877658
C:57_TYR    ,C:135_ALA,6.927842
C:184_SER   ,C:248_ARG,6.99097
B:30_CYS    ,B:86_VAL,6.994651
A:52_ASN    ,A:125_ARG,6.999582
A:117_TYR   ,A:121_LYS,7.045865
A:122_PHE   ,A:127_HIS,7.105823
A:7_CYS     ,A:263_CYS,7.110097
A:65_ASP    ,A:286_ASN,7.11199
A:209_PHE   ,A:213_ARG,7.112445
B:71_VAL    ,B:75_PHE,7.153385
B:14_GLU    ,B:127_GLY,7.202212
C:99_HIS    ,C:153_MET,7.202968
D:74_ARG    ,D:97_ASP,7.275734
D:58_CYS    ,D:113_CYS,7.322245
A:14_GLU    ,A:269_LYS,7.36049
D:75_PHE    ,D:90_MET,7.378916
A:116_ARG   ,A:293_VAL,7.46894
A:173_SER   ,A:255_ARG,7.516164
C:129_LEU   ,C:134_PHE,7.529761
C:44_TYR    ,C:290_TYR,7.610624
A:44_TYR    ,A:290_TYR,7.614241
C:65_ASP    ,C:286_ASN,7.627188
D:71_VAL    ,D:75_PHE,7.651297
B:80_ASP    ,B:85_ILE,7.704208
A:10_TRP    ,A:267_ALA,7.747898
D:101_TYR   ,D:130_THR,7.759493
B:75_PHE    ,B:90_MET,7.769165
B:58_CYS    ,B:113_CYS,7.791715
D:69_GLU    ,C:126_GLU,7.853702
B:78_SER    ,B:87_TYR,7.867752
D:58_CYS    ,D:66_VAL,8.028343
C:117_TYR   ,C:121_LYS,8.042414
B:115_ASP   ,A:125_ARG,8.065309
C:65_ASP    ,C:283_SER,8.090665
D:115_ASP   ,C:125_ARG,8.10694
B:42_ILE    ,B:59_ILE,8.113894
A:44_TYR    ,A:55_ASN,8.141299
B:101_TYR   ,B:130_THR,8.196801
B:45_PHE    ,B:102_TYR,8.204613
C:84_TRP    ,C:86_TYR,8.252514
D:46_ARG    ,D:101_TYR,8.2824
A:40_VAL    ,A:290_TYR,8.348318
B:26_LEU    ,B:90_MET,8.420855
D:42_ILE    ,D:59_ILE,8.53007
B:69_GLU    ,A:126_GLU,8.533043
D:45_PHE    ,D:102_TYR,8.533754
B:46_ARG    ,B:101_TYR,8.791803
B:15_SER    ,B:29_SER,8.841801
C:106_ILE   ,C:237_PHE,8.940708
C:21_TYR    ,C:274_LEU,8.959377
C:44_TYR    ,C:55_ASN,9.329355
C:40_VAL    ,C:290_TYR,9.330639
D:26_LEU    ,D:90_MET,9.380376
B:74_ARG    ,B:91_ASN,9.472451
A:21_TYR    ,A:274_LEU,9.50744
D:78_SER    ,D:87_TYR,9.601254
D:74_ARG    ,D:91_ASN,9.72133
C:74_MET    ,C:86_TYR,9.746301
A:64_SER    ,A:101_ASN,10.09096
C:64_SER    ,C:101_ASN,10.174886
B:106_ASP   ,B:111_ARG,10.632752
B:14_GLU    ,B:128_GLN,10.886334
B:108_PHE   ,A:296_HIS,11.213121
A:58_LEU    ,A:290_TYR,11.22566
D:106_ASP   ,D:111_ARG,11.311651
C:58_LEU    ,C:290_TYR,11.531525
A:74_MET    ,A:86_TYR,11.692545
A:10_TRP    ,C:133_GLU,11.815813
C:125_ARG   ,C:130_GLN,12.039849
A:125_ARG   ,A:130_GLN,12.510265
A:254_SER   ,A:259_TRP,12.916356
D:108_PHE   ,C:296_HIS,13.389137
B:46_ARG    ,B:54_GLU,14.499121
D:46_ARG    ,D:54_GLU,15.448967